Trump_Electoral_Votes,Biden_Electoral_Votes,Trump_Total_Votes,Biden_Total_Votes,Trump_Vote_Percent,Biden_Vote_Percent,Trump_Polling_Error,Biden_Polling_Error,Polling_Error_Set,Error_Set_Round_Number
305,233,62344142,61599199,48.262,47.685,-4,-4,"(-4, -4)",1
318,220,62345828,61600634,48.261,47.685,-4,-4,"(-4, -4)",2
320,218,62341231,61601431,48.258,47.685,-4,-4,"(-4, -4)",3
320,218,62341857,61591556,48.261,47.68,-4,-4,"(-4, -4)",4
333,205,62335874,61596685,48.258,47.685,-4,-4,"(-4, -4)",5
320,218,62334291,61596557,48.257,47.686,-4,-4,"(-4, -4)",6
320,218,62341997,61596834,48.26,47.683,-4,-4,"(-4, -4)",7
305,233,62344551,61593318,48.262,47.68,-4,-4,"(-4, -4)",8
333,205,62342868,61600957,48.261,47.686,-4,-4,"(-4, -4)",9
320,218,62343105,61595855,48.262,47.683,-4,-4,"(-4, -4)",10
305,233,61583838,62413990,47.673,48.316,-4,-3,"(-4, -3)",1
305,233,61593056,62404300,47.683,48.311,-4,-3,"(-4, -3)",2
301,237,61585308,62412056,47.675,48.315,-4,-3,"(-4, -3)",3
287,251,61599688,62401408,47.684,48.305,-4,-3,"(-4, -3)",4
287,251,61586288,62403831,47.677,48.31,-4,-3,"(-4, -3)",5
291,247,61589227,62412204,47.676,48.314,-4,-3,"(-4, -3)",6
291,247,61582113,62410029,47.674,48.315,-4,-3,"(-4, -3)",7
287,251,61586879,62404373,47.677,48.31,-4,-3,"(-4, -3)",8
291,247,61600096,62401251,47.685,48.305,-4,-3,"(-4, -3)",9
301,237,61581813,62405421,47.676,48.314,-4,-3,"(-4, -3)",10
287,251,60862485,63192602,47.116,48.919,-4,-2,"(-4, -2)",1
287,251,60849512,63203756,47.105,48.928,-4,-2,"(-4, -2)",2
287,251,60857158,63196937,47.112,48.923,-4,-2,"(-4, -2)",3
287,251,60855648,63197548,47.112,48.925,-4,-2,"(-4, -2)",4
287,251,60866699,63189268,47.117,48.915,-4,-2,"(-4, -2)",5
287,251,60852353,63192293,47.11,48.922,-4,-2,"(-4, -2)",6
287,251,60856654,63198410,47.111,48.924,-4,-2,"(-4, -2)",7
287,251,60855666,63189440,47.11,48.917,-4,-2,"(-4, -2)",8
287,251,60853715,63186886,47.112,48.918,-4,-2,"(-4, -2)",9
287,251,60863266,63185043,47.118,48.915,-4,-2,"(-4, -2)",10
268,270,60138087,63977145,46.554,49.526,-4,-1,"(-4, -1)",1
287,251,60138161,63968330,46.555,49.52,-4,-1,"(-4, -1)",2
268,270,60147711,63963255,46.561,49.515,-4,-1,"(-4, -1)",3
268,270,60140782,63964411,46.557,49.517,-4,-1,"(-4, -1)",4
268,270,60144760,63971249,46.557,49.519,-4,-1,"(-4, -1)",5
268,270,60140773,63969508,46.557,49.521,-4,-1,"(-4, -1)",6
287,251,60146327,63971672,46.557,49.518,-4,-1,"(-4, -1)",7
268,270,60147128,63960545,46.562,49.514,-4,-1,"(-4, -1)",8
268,270,60144884,63974963,46.555,49.52,-4,-1,"(-4, -1)",9
268,270,60129646,63975092,46.549,49.526,-4,-1,"(-4, -1)",10
268,270,59448983,64720249,46.018,50.098,-4,0,"(-4, 0)",1
268,270,59444684,64718446,46.018,50.1,-4,0,"(-4, 0)",2
268,270,59440858,64712965,46.017,50.098,-4,0,"(-4, 0)",3
257,281,59447938,64720399,46.019,50.101,-4,0,"(-4, 0)",4
268,270,59434703,64724711,46.011,50.106,-4,0,"(-4, 0)",5
268,270,59445107,64715978,46.018,50.098,-4,0,"(-4, 0)",6
268,270,59454345,64713780,46.023,50.095,-4,0,"(-4, 0)",7
257,281,59447114,64723898,46.017,50.101,-4,0,"(-4, 0)",8
257,281,59434088,64724948,46.011,50.107,-4,0,"(-4, 0)",9
268,270,59446552,64713728,46.02,50.097,-4,0,"(-4, 0)",10
251,287,58762276,65446464,45.49,50.664,-4,1,"(-4, 1)",1
257,281,58760102,65457751,45.486,50.671,-4,1,"(-4, 1)",2
251,287,58755123,65450677,45.486,50.67,-4,1,"(-4, 1)",3
257,281,58767691,65445817,45.493,50.663,-4,1,"(-4, 1)",4
251,287,58763577,65451940,45.491,50.668,-4,1,"(-4, 1)",5
257,281,58758032,65461022,45.484,50.673,-4,1,"(-4, 1)",6
251,287,58753068,65458949,45.483,50.674,-4,1,"(-4, 1)",7
257,281,58762559,65457441,45.488,50.67,-4,1,"(-4, 1)",8
257,281,58755525,65453872,45.487,50.673,-4,1,"(-4, 1)",9
257,281,58759314,65462556,45.485,50.674,-4,1,"(-4, 1)",10
165,373,58092037,66179491,44.969,51.23,-4,2,"(-4, 2)",1
235,303,58103666,66164151,44.979,51.219,-4,2,"(-4, 2)",2
211,327,58096822,66173420,44.972,51.224,-4,2,"(-4, 2)",3
195,343,58095453,66173796,44.971,51.225,-4,2,"(-4, 2)",4
165,373,58103322,66164585,44.979,51.219,-4,2,"(-4, 2)",5
211,327,58093622,66171001,44.972,51.225,-4,2,"(-4, 2)",6
165,373,58092618,66171754,44.972,51.226,-4,2,"(-4, 2)",7
221,317,58099497,66166018,44.978,51.222,-4,2,"(-4, 2)",8
211,327,58089432,66172680,44.97,51.228,-4,2,"(-4, 2)",9
205,333,58097458,66167723,44.975,51.222,-4,2,"(-4, 2)",10
132,406,57445995,66869183,44.471,51.766,-4,3,"(-4, 3)",1
148,390,57441127,66883779,44.465,51.775,-4,3,"(-4, 3)",2
165,373,57450093,66871007,44.473,51.766,-4,3,"(-4, 3)",3
149,389,57452122,66869406,44.473,51.763,-4,3,"(-4, 3)",4
148,390,57452565,66871918,44.472,51.764,-4,3,"(-4, 3)",5
149,389,57446506,66869561,44.47,51.764,-4,3,"(-4, 3)",6
149,389,57447046,66869668,44.471,51.765,-4,3,"(-4, 3)",7
165,373,57440809,66875695,44.467,51.771,-4,3,"(-4, 3)",8
132,406,57445858,66869636,44.47,51.765,-4,3,"(-4, 3)",9
132,406,57442280,66873283,44.468,51.769,-4,3,"(-4, 3)",10
132,406,56812023,67551226,43.981,52.295,-4,4,"(-4, 4)",1
132,406,56800628,67556549,43.973,52.3,-4,4,"(-4, 4)",2
132,406,56803519,67579735,43.969,52.31,-4,4,"(-4, 4)",3
132,406,56806120,67561611,43.975,52.301,-4,4,"(-4, 4)",4
132,406,56802661,67576242,43.968,52.308,-4,4,"(-4, 4)",5
132,406,56810897,67549911,43.98,52.294,-4,4,"(-4, 4)",6
132,406,56809764,67549551,43.98,52.294,-4,4,"(-4, 4)",7
132,406,56799172,67566244,43.971,52.306,-4,4,"(-4, 4)",8
132,406,56824008,67553513,43.983,52.288,-4,4,"(-4, 4)",9
132,406,56821709,67548171,43.987,52.29,-4,4,"(-4, 4)",10
333,205,63138505,60858227,48.878,47.113,-3,-4,"(-3, -4)",1
343,195,63142670,60847868,48.882,47.106,-3,-4,"(-3, -4)",2
343,195,63135560,60858708,48.876,47.113,-3,-4,"(-3, -4)",3
343,195,63140155,60850552,48.881,47.109,-3,-4,"(-3, -4)",4
333,205,63147454,60852923,48.882,47.105,-3,-4,"(-3, -4)",5
343,195,63144404,60849713,48.884,47.107,-3,-4,"(-3, -4)",6
343,195,63144905,60860396,48.881,47.112,-3,-4,"(-3, -4)",7
343,195,63141722,60850830,48.88,47.107,-3,-4,"(-3, -4)",8
333,205,63139629,60859893,48.877,47.112,-3,-4,"(-3, -4)",9
333,205,63140400,60857614,48.879,47.112,-3,-4,"(-3, -4)",10
318,220,62395499,61667059,48.299,47.735,-3,-3,"(-3, -3)",1
333,205,62392125,61665177,48.299,47.737,-3,-3,"(-3, -3)",2
318,220,62382862,61676993,48.29,47.743,-3,-3,"(-3, -3)",3
318,220,62394274,61673358,48.297,47.739,-3,-3,"(-3, -3)",4
320,218,62389527,61656372,48.298,47.731,-3,-3,"(-3, -3)",5
333,205,62396897,61651373,48.305,47.728,-3,-3,"(-3, -3)",6
333,205,62393856,61661862,48.301,47.734,-3,-3,"(-3, -3)",7
318,220,62385253,61664030,48.296,47.738,-3,-3,"(-3, -3)",8
333,205,62394643,61660393,48.302,47.734,-3,-3,"(-3, -3)",9
320,218,62388569,61671057,48.295,47.739,-3,-3,"(-3, -3)",10
305,233,61659798,62453787,47.732,48.346,-3,-2,"(-3, -2)",1
287,251,61653635,62460790,47.726,48.351,-3,-2,"(-3, -2)",2
291,247,61656721,62452782,47.73,48.347,-3,-2,"(-3, -2)",3
291,247,61672920,62436894,47.744,48.335,-3,-2,"(-3, -2)",4
287,251,61643561,62464714,47.719,48.355,-3,-2,"(-3, -2)",5
291,247,61649987,62455693,47.728,48.351,-3,-2,"(-3, -2)",6
287,251,61652030,62452124,47.729,48.348,-3,-2,"(-3, -2)",7
301,237,61664482,62450681,47.734,48.343,-3,-2,"(-3, -2)",8
291,247,61663875,62441123,47.736,48.338,-3,-2,"(-3, -2)",9
301,237,61653565,62461370,47.726,48.352,-3,-2,"(-3, -2)",10
287,251,60936432,63222017,47.173,48.942,-3,-1,"(-3, -1)",1
287,251,60945486,63218306,47.178,48.937,-3,-1,"(-3, -1)",2
287,251,60926672,63236555,47.165,48.953,-3,-1,"(-3, -1)",3
287,251,60939403,63226473,47.174,48.945,-3,-1,"(-3, -1)",4
287,251,60941577,63216089,47.179,48.94,-3,-1,"(-3, -1)",5
287,251,60932874,63224438,47.171,48.945,-3,-1,"(-3, -1)",6
287,251,60941442,63221449,47.175,48.94,-3,-1,"(-3, -1)",7
287,251,60938776,63227227,47.174,48.945,-3,-1,"(-3, -1)",8
287,251,60940727,63230946,47.174,48.947,-3,-1,"(-3, -1)",9
287,251,60937557,63224772,47.174,48.945,-3,-1,"(-3, -1)",10
268,270,60242472,63975948,46.635,49.525,-3,0,"(-3, 0)",1
268,270,60242540,63973341,46.635,49.523,-3,0,"(-3, 0)",2
287,251,60240723,63980859,46.632,49.528,-3,0,"(-3, 0)",3
287,251,60240712,63975300,46.634,49.525,-3,0,"(-3, 0)",4
287,251,60244028,63986610,46.631,49.528,-3,0,"(-3, 0)",5
287,251,60240928,63975208,46.633,49.524,-3,0,"(-3, 0)",6
287,251,60232328,63980589,46.629,49.531,-3,0,"(-3, 0)",7
268,270,60231126,63980381,46.628,49.53,-3,0,"(-3, 0)",8
268,270,60239247,63975478,46.634,49.526,-3,0,"(-3, 0)",9
268,270,60238484,63980243,46.631,49.527,-3,0,"(-3, 0)",10
257,281,59561185,64706285,46.107,50.09,-3,1,"(-3, 1)",1
257,281,59562846,64704383,46.109,50.089,-3,1,"(-3, 1)",2
257,281,59563192,64700706,46.111,50.088,-3,1,"(-3, 1)",3
257,281,59562238,64704870,46.107,50.088,-3,1,"(-3, 1)",4
268,270,59563836,64700605,46.111,50.087,-3,1,"(-3, 1)",5
257,281,59563449,64698516,46.11,50.085,-3,1,"(-3, 1)",6
257,281,59563478,64708894,46.109,50.092,-3,1,"(-3, 1)",7
257,281,59569679,64699013,46.114,50.084,-3,1,"(-3, 1)",8
268,270,59552717,64710372,46.102,50.095,-3,1,"(-3, 1)",9
268,270,59560598,64708857,46.106,50.091,-3,1,"(-3, 1)",10
251,287,58890332,65428967,45.588,50.65,-3,2,"(-3, 2)",1
251,287,58888792,65420892,45.59,50.646,-3,2,"(-3, 2)",2
257,281,58896175,65415248,45.593,50.639,-3,2,"(-3, 2)",3
251,287,58893884,65421084,45.592,50.645,-3,2,"(-3, 2)",4
257,281,58889287,65433746,45.585,50.651,-3,2,"(-3, 2)",5
257,281,58887794,65437235,45.583,50.653,-3,2,"(-3, 2)",6
251,287,58886193,65429716,45.585,50.651,-3,2,"(-3, 2)",7
257,281,58896311,65424823,45.593,50.647,-3,2,"(-3, 2)",8
251,287,58891319,65427727,45.589,50.649,-3,2,"(-3, 2)",9
251,287,58882978,65433851,45.583,50.654,-3,2,"(-3, 2)",10
211,327,58237711,66128872,45.083,51.192,-3,3,"(-3, 3)",1
181,357,58237545,66129843,45.082,51.192,-3,3,"(-3, 3)",2
251,287,58238153,66127169,45.083,51.19,-3,3,"(-3, 3)",3
251,287,58245587,66123190,45.088,51.186,-3,3,"(-3, 3)",4
251,287,58247456,66127278,45.089,51.188,-3,3,"(-3, 3)",5
165,373,58234121,66132662,45.079,51.193,-3,3,"(-3, 3)",6
211,327,58240780,66139099,45.082,51.196,-3,3,"(-3, 3)",7
221,317,58240061,66134308,45.082,51.192,-3,3,"(-3, 3)",8
195,343,58241155,66131784,45.083,51.191,-3,3,"(-3, 3)",9
205,333,58235728,66140497,45.079,51.197,-3,3,"(-3, 3)",10
149,389,57604801,66815962,44.591,51.721,-3,4,"(-3, 4)",1
149,389,57595136,66828130,44.583,51.73,-3,4,"(-3, 4)",2
165,373,57590724,66827677,44.582,51.732,-3,4,"(-3, 4)",3
149,389,57612324,66815761,44.595,51.719,-3,4,"(-3, 4)",4
148,390,57599294,66811918,44.591,51.724,-3,4,"(-3, 4)",5
149,389,57593026,66826624,44.583,51.73,-3,4,"(-3, 4)",6
149,389,57606527,66817591,44.592,51.722,-3,4,"(-3, 4)",7
148,390,57610630,66799230,44.598,51.712,-3,4,"(-3, 4)",8
148,390,57596252,66813278,44.588,51.723,-3,4,"(-3, 4)",9
149,389,57596543,66813894,44.587,51.723,-3,4,"(-3, 4)",10
343,195,63916177,60130645,49.481,46.55,-2,-4,"(-2, -4)",1
347,191,63919518,60131016,49.482,46.549,-2,-4,"(-2, -4)",2
347,191,63926483,60118056,49.491,46.542,-2,-4,"(-2, -4)",3
347,191,63920002,60133062,49.482,46.551,-2,-4,"(-2, -4)",4
353,185,63919900,60128242,49.484,46.549,-2,-4,"(-2, -4)",5
343,195,63925868,60134883,49.485,46.55,-2,-4,"(-2, -4)",6
357,181,63920477,60134409,49.481,46.551,-2,-4,"(-2, -4)",7
343,195,63927834,60137067,49.484,46.55,-2,-4,"(-2, -4)",8
343,195,63925084,60130781,49.486,46.549,-2,-4,"(-2, -4)",9
343,195,63924203,60121511,49.487,46.543,-2,-4,"(-2, -4)",10
333,205,63175124,60935546,48.904,47.17,-2,-3,"(-2, -3)",1
343,195,63168151,60935851,48.902,47.174,-2,-3,"(-2, -3)",2
343,195,63180319,60933893,48.908,47.169,-2,-3,"(-2, -3)",3
343,195,63161030,60940503,48.897,47.178,-2,-3,"(-2, -3)",4
333,205,63173588,60936211,48.904,47.172,-2,-3,"(-2, -3)",5
343,195,63167329,60934869,48.901,47.173,-2,-3,"(-2, -3)",6
343,195,63169509,60935046,48.901,47.171,-2,-3,"(-2, -3)",7
343,195,63169939,60938036,48.902,47.174,-2,-3,"(-2, -3)",8
333,205,63164208,60941326,48.896,47.175,-2,-3,"(-2, -3)",9
343,195,63169723,60936436,48.901,47.172,-2,-3,"(-2, -3)",10
318,220,62436081,61730853,48.332,47.786,-2,-2,"(-2, -2)",1
305,233,62421416,61726509,48.327,47.789,-2,-2,"(-2, -2)",2
318,220,62426968,61734996,48.327,47.791,-2,-2,"(-2, -2)",3
305,233,62432927,61726322,48.331,47.784,-2,-2,"(-2, -2)",4
318,220,62438069,61724144,48.336,47.783,-2,-2,"(-2, -2)",5
320,218,62436817,61720615,48.336,47.782,-2,-2,"(-2, -2)",6
305,233,62446107,61716449,48.343,47.778,-2,-2,"(-2, -2)",7
305,233,62446530,61721945,48.34,47.779,-2,-2,"(-2, -2)",8
333,205,62432590,61722207,48.334,47.784,-2,-2,"(-2, -2)",9
333,205,62435225,61722720,48.334,47.782,-2,-2,"(-2, -2)",10
287,251,61716924,62495955,47.776,48.379,-2,-1,"(-2, -1)",1
287,251,61709212,62499001,47.773,48.384,-2,-1,"(-2, -1)",2
287,251,61714655,62510286,47.773,48.388,-2,-1,"(-2, -1)",3
301,237,61715987,62505466,47.773,48.385,-2,-1,"(-2, -1)",4
287,251,61726455,62491848,47.783,48.376,-2,-1,"(-2, -1)",5
305,233,61723185,62495867,47.78,48.378,-2,-1,"(-2, -1)",6
287,251,61722574,62488383,47.782,48.375,-2,-1,"(-2, -1)",7
291,247,61727152,62493995,47.783,48.376,-2,-1,"(-2, -1)",8
305,233,61718167,62497554,47.778,48.381,-2,-1,"(-2, -1)",9
301,237,61718303,62491740,47.779,48.378,-2,-1,"(-2, -1)",10
287,251,61013363,63260236,47.23,48.97,-2,0,"(-2, 0)",1
287,251,61013037,63252527,47.23,48.964,-2,0,"(-2, 0)",2
287,251,61027695,63232988,47.244,48.951,-2,0,"(-2, 0)",3
287,251,61021682,63254985,47.234,48.962,-2,0,"(-2, 0)",4
287,251,61025389,63245563,47.239,48.958,-2,0,"(-2, 0)",5
287,251,61021784,63255016,47.235,48.963,-2,0,"(-2, 0)",6
287,251,61031358,63240126,47.245,48.954,-2,0,"(-2, 0)",7
287,251,61024778,63240411,47.24,48.955,-2,0,"(-2, 0)",8
287,251,61027802,63249893,47.24,48.96,-2,0,"(-2, 0)",9
287,251,61009875,63245881,47.232,48.963,-2,0,"(-2, 0)",10
268,270,60346750,63975639,46.714,49.523,-2,1,"(-2, 1)",1
268,270,60340340,63986493,46.706,49.529,-2,1,"(-2, 1)",2
268,270,60330950,63983385,46.704,49.532,-2,1,"(-2, 1)",3
287,251,60336208,63987403,46.706,49.533,-2,1,"(-2, 1)",4
287,251,60341878,63969567,46.713,49.522,-2,1,"(-2, 1)",5
287,251,60335573,63982630,46.707,49.53,-2,1,"(-2, 1)",6
268,270,60338043,63979217,46.709,49.527,-2,1,"(-2, 1)",7
287,251,60329779,63978594,46.706,49.531,-2,1,"(-2, 1)",8
287,251,60334109,63983899,46.706,49.531,-2,1,"(-2, 1)",9
287,251,60329883,63977485,46.704,49.528,-2,1,"(-2, 1)",10
257,281,59663960,64704806,46.186,50.088,-2,2,"(-2, 2)",1
268,270,59683715,64696255,46.198,50.078,-2,2,"(-2, 2)",2
268,270,59664242,64696797,46.189,50.085,-2,2,"(-2, 2)",3
257,281,59670679,64701914,46.19,50.085,-2,2,"(-2, 2)",4
257,281,59668008,64711683,46.186,50.09,-2,2,"(-2, 2)",5
268,270,59669753,64693231,46.193,50.082,-2,2,"(-2, 2)",6
268,270,59678040,64700801,46.196,50.084,-2,2,"(-2, 2)",7
257,281,59661904,64707575,46.185,50.091,-2,2,"(-2, 2)",8
257,281,59659928,64703259,46.186,50.09,-2,2,"(-2, 2)",9
268,270,59660623,64704099,46.185,50.09,-2,2,"(-2, 2)",10
257,281,59015726,65409105,45.683,50.632,-2,3,"(-2, 3)",1
251,287,59006752,65415043,45.675,50.636,-2,3,"(-2, 3)",2
251,287,59011807,65409526,45.68,50.632,-2,3,"(-2, 3)",3
257,281,59015984,65391594,45.688,50.624,-2,3,"(-2, 3)",4
251,287,58993925,65419093,45.668,50.642,-2,3,"(-2, 3)",5
257,281,59007786,65408002,45.68,50.634,-2,3,"(-2, 3)",6
251,287,59011413,65412631,45.679,50.634,-2,3,"(-2, 3)",7
257,281,59006604,65406136,45.68,50.634,-2,3,"(-2, 3)",8
251,287,59012629,65397616,45.685,50.628,-2,3,"(-2, 3)",9
251,287,59011025,65408085,45.68,50.632,-2,3,"(-2, 3)",10
205,333,58364272,66089304,45.183,51.163,-2,4,"(-2, 4)",1
205,333,58369466,66097665,45.184,51.167,-2,4,"(-2, 4)",2
205,333,58374541,66082215,45.19,51.156,-2,4,"(-2, 4)",3
195,343,58376257,66088099,45.19,51.16,-2,4,"(-2, 4)",4
251,287,58373306,66086959,45.187,51.159,-2,4,"(-2, 4)",5
211,327,58376897,66092619,45.189,51.162,-2,4,"(-2, 4)",6
235,303,58374746,66088489,45.189,51.161,-2,4,"(-2, 4)",7
251,287,58380668,66078126,45.195,51.154,-2,4,"(-2, 4)",8
165,373,58367544,66094132,45.184,51.166,-2,4,"(-2, 4)",9
211,327,58374877,66092593,45.187,51.161,-2,4,"(-2, 4)",10
357,181,64688642,59420044,50.077,45.999,-1,-4,"(-1, -4)",1
357,181,64684999,59432150,50.072,46.006,-1,-4,"(-1, -4)",2
357,181,64687147,59412348,50.078,45.994,-1,-4,"(-1, -4)",3
357,181,64684636,59425127,50.073,46.001,-1,-4,"(-1, -4)",4
357,181,64683141,59422596,50.075,46.003,-1,-4,"(-1, -4)",5
357,181,64683050,59427960,50.072,46.004,-1,-4,"(-1, -4)",6
357,181,64690699,59415852,50.078,45.995,-1,-4,"(-1, -4)",7
357,181,64673847,59429246,50.068,46.008,-1,-4,"(-1, -4)",8
357,181,64690178,59425412,50.075,45.999,-1,-4,"(-1, -4)",9
357,181,64688203,59422950,50.075,46.0,-1,-4,"(-1, -4)",10
343,195,63933406,60236642,49.491,46.63,-1,-3,"(-1, -3)",1
357,181,63924996,60231574,49.488,46.629,-1,-3,"(-1, -3)",2
357,181,63939285,60223161,49.497,46.621,-1,-3,"(-1, -3)",3
343,195,63926709,60235675,49.487,46.63,-1,-3,"(-1, -3)",4
357,181,63937701,60228709,49.496,46.625,-1,-3,"(-1, -3)",5
357,181,63934693,60232179,49.492,46.626,-1,-3,"(-1, -3)",6
343,195,63944058,60228925,49.498,46.622,-1,-3,"(-1, -3)",7
353,185,63936836,60229672,49.493,46.624,-1,-3,"(-1, -3)",8
343,195,63920526,60239849,49.483,46.633,-1,-3,"(-1, -3)",9
357,181,63926021,60241351,49.486,46.634,-1,-3,"(-1, -3)",10
343,195,63199723,61013701,48.926,47.233,-1,-2,"(-1, -2)",1
333,205,63206101,61015368,48.927,47.231,-1,-2,"(-1, -2)",2
343,195,63206519,61007410,48.931,47.229,-1,-2,"(-1, -2)",3
343,195,63196222,61016614,48.923,47.235,-1,-2,"(-1, -2)",4
343,195,63202701,61019461,48.924,47.234,-1,-2,"(-1, -2)",5
333,205,63197092,61007821,48.926,47.231,-1,-2,"(-1, -2)",6
333,205,63196694,61015342,48.922,47.233,-1,-2,"(-1, -2)",7
343,195,63201465,61016112,48.925,47.233,-1,-2,"(-1, -2)",8
333,205,63196884,61023354,48.922,47.239,-1,-2,"(-1, -2)",9
333,205,63203333,61009785,48.928,47.23,-1,-2,"(-1, -2)",10
318,220,62494363,61773304,48.378,47.82,-1,-1,"(-1, -1)",1
320,218,62479920,61792902,48.364,47.832,-1,-1,"(-1, -1)",2
305,233,62472649,61796073,48.36,47.836,-1,-1,"(-1, -1)",3
320,218,62489666,61779550,48.375,47.825,-1,-1,"(-1, -1)",4
333,205,62474078,61796234,48.361,47.836,-1,-1,"(-1, -1)",5
318,220,62482824,61791367,48.366,47.831,-1,-1,"(-1, -1)",6
320,218,62483416,61786565,48.368,47.829,-1,-1,"(-1, -1)",7
333,205,62480411,61785752,48.367,47.829,-1,-1,"(-1, -1)",8
305,233,62484621,61791649,48.367,47.831,-1,-1,"(-1, -1)",9
333,205,62474519,61778056,48.369,47.83,-1,-1,"(-1, -1)",10
301,237,61783077,62539368,47.825,48.41,-1,0,"(-1, 0)",1
301,237,61785412,62540344,47.828,48.412,-1,0,"(-1, 0)",2
291,247,61780650,62539241,47.824,48.412,-1,0,"(-1, 0)",3
301,237,61786482,62533616,47.831,48.409,-1,0,"(-1, 0)",4
291,247,61778354,62537052,47.824,48.411,-1,0,"(-1, 0)",5
291,247,61773357,62555583,47.816,48.422,-1,0,"(-1, 0)",6
301,237,61776107,62545898,47.82,48.416,-1,0,"(-1, 0)",7
287,251,61779190,62534049,47.827,48.411,-1,0,"(-1, 0)",8
301,237,61769443,62546280,47.817,48.419,-1,0,"(-1, 0)",9
305,233,61781613,62535790,47.826,48.41,-1,0,"(-1, 0)",10
287,251,61096784,63270455,47.296,48.979,-1,1,"(-1, 1)",1
287,251,61093897,63273451,47.294,48.982,-1,1,"(-1, 1)",2
287,251,61093758,63269249,47.294,48.978,-1,1,"(-1, 1)",3
287,251,61097101,63272383,47.295,48.979,-1,1,"(-1, 1)",4
287,251,61093025,63275803,47.292,48.982,-1,1,"(-1, 1)",5
287,251,61102789,63269891,47.299,48.977,-1,1,"(-1, 1)",6
287,251,61106046,63266252,47.302,48.974,-1,1,"(-1, 1)",7
287,251,61095819,63273384,47.293,48.978,-1,1,"(-1, 1)",8
287,251,61096121,63274492,47.294,48.98,-1,1,"(-1, 1)",9
287,251,61092709,63277402,47.292,48.983,-1,1,"(-1, 1)",10
287,251,60438778,63983791,46.785,49.529,-1,2,"(-1, 2)",1
268,270,60426731,63994958,46.776,49.538,-1,2,"(-1, 2)",2
287,251,60418433,63996298,46.772,49.542,-1,2,"(-1, 2)",3
287,251,60424808,64001788,46.772,49.541,-1,2,"(-1, 2)",4
268,270,60416368,63992391,46.771,49.54,-1,2,"(-1, 2)",5
268,270,60438748,63984946,46.785,49.53,-1,2,"(-1, 2)",6
268,270,60415859,63993649,46.771,49.541,-1,2,"(-1, 2)",7
287,251,60418717,63985760,46.775,49.537,-1,2,"(-1, 2)",8
268,270,60434254,63987384,46.781,49.532,-1,2,"(-1, 2)",9
287,251,60424650,63986309,46.777,49.535,-1,2,"(-1, 2)",10
257,281,59767048,64704546,46.263,50.085,-1,3,"(-1, 3)",1
268,270,59764490,64700258,46.263,50.084,-1,3,"(-1, 3)",2
268,270,59776421,64689140,46.273,50.076,-1,3,"(-1, 3)",3
257,281,59768792,64688918,46.27,50.079,-1,3,"(-1, 3)",4
268,270,59773124,64700765,46.268,50.082,-1,3,"(-1, 3)",5
268,270,59773899,64688817,46.272,50.077,-1,3,"(-1, 3)",6
257,281,59778149,64691496,46.271,50.074,-1,3,"(-1, 3)",7
268,270,59763221,64705040,46.261,50.086,-1,3,"(-1, 3)",8
268,270,59770479,64687312,46.271,50.077,-1,3,"(-1, 3)",9
257,281,59759673,64689048,46.266,50.082,-1,3,"(-1, 3)",10
251,287,59127498,65383761,45.77,50.613,-1,4,"(-1, 4)",1
251,287,59126781,65377094,45.773,50.611,-1,4,"(-1, 4)",2
251,287,59143521,65365896,45.784,50.601,-1,4,"(-1, 4)",3
251,287,59122383,65387031,45.768,50.617,-1,4,"(-1, 4)",4
257,281,59132588,65379984,45.774,50.61,-1,4,"(-1, 4)",5
251,287,59116285,65386350,45.764,50.618,-1,4,"(-1, 4)",6
257,281,59129821,65386109,45.77,50.613,-1,4,"(-1, 4)",7
257,281,59119577,65392387,45.764,50.62,-1,4,"(-1, 4)",8
257,281,59121509,65380350,45.768,50.613,-1,4,"(-1, 4)",9
257,281,59130505,65377093,45.773,50.608,-1,4,"(-1, 4)",10
357,181,65431833,58734363,50.65,45.465,0,-4,"(0, -4)",1
357,181,65436798,58737589,50.652,45.467,0,-4,"(0, -4)",2
357,181,65437164,58734850,50.653,45.465,0,-4,"(0, -4)",3
357,181,65429372,58730243,50.652,45.466,0,-4,"(0, -4)",4
357,181,65413415,58747531,50.639,45.479,0,-4,"(0, -4)",5
357,181,65421319,58738065,50.647,45.473,0,-4,"(0, -4)",6
357,181,65427195,58739855,50.647,45.471,0,-4,"(0, -4)",7
357,181,65422390,58734778,50.647,45.47,0,-4,"(0, -4)",8
357,181,65428760,58741681,50.647,45.471,0,-4,"(0, -4)",9
357,181,65428473,58742301,50.647,45.472,0,-4,"(0, -4)",10
357,181,64682756,59532519,50.073,46.086,0,-3,"(0, -3)",1
357,181,64657814,59536351,50.061,46.095,0,-3,"(0, -3)",2
357,181,64675204,59533045,50.069,46.088,0,-3,"(0, -3)",3
357,181,64680394,59532343,50.072,46.086,0,-3,"(0, -3)",4
357,181,64669643,59544003,50.063,46.095,0,-3,"(0, -3)",5
357,181,64674633,59536753,50.068,46.091,0,-3,"(0, -3)",6
357,181,64680298,59541574,50.068,46.09,0,-3,"(0, -3)",7
357,181,64679513,59531242,50.072,46.087,0,-3,"(0, -3)",8
357,181,64684156,59536280,50.072,46.087,0,-3,"(0, -3)",9
357,181,64684718,59538179,50.072,46.088,0,-3,"(0, -3)",10
343,195,63943074,60324724,49.499,46.698,0,-2,"(0, -2)",1
343,195,63950114,60323778,49.503,46.696,0,-2,"(0, -2)",2
353,185,63956519,60315160,49.509,46.69,0,-2,"(0, -2)",3
347,191,63944577,60334510,49.497,46.703,0,-2,"(0, -2)",4
343,195,63949223,60319754,49.503,46.693,0,-2,"(0, -2)",5
353,185,63944128,60330531,49.498,46.7,0,-2,"(0, -2)",6
353,185,63949677,60314259,49.506,46.691,0,-2,"(0, -2)",7
347,191,63940465,60325897,49.498,46.7,0,-2,"(0, -2)",8
343,195,63948175,60328974,49.5,46.699,0,-2,"(0, -2)",9
