State,Electoral_Votes,Winner,Total_Vote_Count,Trump_Vote_Count,Biden_Vote_Count,Trump_Vote_Percent,Biden_Vote_Percent,Trump_Polling_Error,Biden_Polling_Error
Georgia,16,Trump,4218093,2207608,1833393,52.337,43.465,-4,-4
Georgia,16,Trump,4218315,2207566,1833600,52.333,43.468,-4,-4
Georgia,16,Trump,4218065,2207044,1833629,52.324,43.471,-4,-4
Georgia,16,Trump,4220318,2209505,1833529,52.354,43.445,-4,-4
Georgia,16,Trump,4216885,2206271,1833816,52.32,43.487,-4,-4
Georgia,16,Trump,4217187,2205850,1834444,52.306,43.499,-4,-4
Georgia,16,Trump,4218593,2205315,1836124,52.276,43.525,-4,-4
Georgia,16,Trump,4219047,2207599,1834128,52.325,43.473,-4,-4
Georgia,16,Trump,4219319,2209656,1832865,52.37,43.44,-4,-4
Georgia,16,Trump,4217628,2207959,1832238,52.351,43.442,-4,-4
Georgia,16,Trump,4217450,2178078,1864932,51.644,44.219,-4,-3
Georgia,16,Trump,4218462,2179506,1864174,51.666,44.191,-4,-3
Georgia,16,Trump,4220475,2180620,1864757,51.668,44.184,-4,-3
Georgia,16,Trump,4218625,2178797,1864918,51.647,44.207,-4,-3
Georgia,16,Trump,4217578,2179910,1863539,51.686,44.185,-4,-3
Georgia,16,Trump,4219112,2180298,1863755,51.677,44.174,-4,-3
Georgia,16,Trump,4219827,2180371,1863941,51.67,44.171,-4,-3
Georgia,16,Trump,4218428,2179610,1864034,51.669,44.188,-4,-3
Georgia,16,Trump,4219663,2181288,1863416,51.693,44.16,-4,-3
Georgia,16,Trump,4218019,2178611,1864424,51.65,44.201,-4,-3
Georgia,16,Trump,4219162,2153330,1893215,51.037,44.872,-4,-2
Georgia,16,Trump,4219278,2151258,1895702,50.986,44.93,-4,-2
Georgia,16,Trump,4219115,2152421,1894040,51.016,44.892,-4,-2
Georgia,16,Trump,4218842,2151295,1894831,50.993,44.914,-4,-2
Georgia,16,Trump,4217759,2151211,1893781,51.004,44.9,-4,-2
Georgia,16,Trump,4217691,2151948,1892930,51.022,44.881,-4,-2
Georgia,16,Trump,4217794,2152486,1892193,51.033,44.862,-4,-2
Georgia,16,Trump,4219082,2154096,1891716,51.056,44.837,-4,-2
Georgia,16,Trump,4214999,2151815,1890558,51.051,44.853,-4,-2
Georgia,16,Trump,4216673,2152989,1890830,51.059,44.842,-4,-2
Georgia,16,Trump,4218751,2125131,1922877,50.373,45.579,-4,-1
Georgia,16,Trump,4217972,2127173,1919952,50.431,45.518,-4,-1
Georgia,16,Trump,4218228,2124629,1922943,50.368,45.587,-4,-1
Georgia,16,Trump,4219144,2125544,1922446,50.379,45.565,-4,-1
Georgia,16,Trump,4220428,2125918,1923738,50.372,45.582,-4,-1
Georgia,16,Trump,4219270,2126321,1921750,50.395,45.547,-4,-1
Georgia,16,Trump,4220304,2128410,1921154,50.433,45.522,-4,-1
Georgia,16,Trump,4218389,2128264,1920481,50.452,45.526,-4,-1
Georgia,16,Trump,4219476,2127353,1921226,50.417,45.532,-4,-1
Georgia,16,Trump,4218182,2126054,1921074,50.402,45.543,-4,-1
Georgia,16,Trump,4217358,2100912,1947601,49.816,46.181,-4,0
Georgia,16,Trump,4217589,2103676,1945040,49.879,46.117,-4,0
Georgia,16,Trump,4217934,2101924,1947022,49.833,46.161,-4,0
Georgia,16,Trump,4218765,2102251,1947967,49.831,46.174,-4,0
Georgia,16,Trump,4218538,2098705,1949950,49.75,46.223,-4,0
Georgia,16,Trump,4218939,2099988,1948984,49.775,46.196,-4,0
Georgia,16,Trump,4218100,2102045,1947742,49.834,46.176,-4,0
Georgia,16,Trump,4217401,2098694,1949991,49.763,46.237,-4,0
Georgia,16,Trump,4219636,2101984,1948644,49.814,46.18,-4,0
Georgia,16,Trump,4219160,2100627,1949659,49.788,46.21,-4,0
Georgia,16,Trump,4218133,2076457,1973774,49.227,46.793,-4,1
Georgia,16,Trump,4218779,2074331,1977390,49.169,46.871,-4,1
Georgia,16,Trump,4218611,2074671,1976712,49.179,46.857,-4,1
Georgia,16,Trump,4219037,2076437,1975422,49.216,46.822,-4,1
Georgia,16,Trump,4219150,2077584,1974887,49.242,46.808,-4,1
Georgia,16,Trump,4219111,2076434,1974604,49.215,46.801,-4,1
Georgia,16,Trump,4218486,2076057,1974520,49.213,46.806,-4,1
Georgia,16,Trump,4217549,2075380,1974693,49.208,46.821,-4,1
Georgia,16,Trump,4217611,2074118,1976777,49.178,46.87,-4,1
Georgia,16,Trump,4219352,2074346,1978093,49.163,46.881,-4,1
Georgia,16,Trump,4216801,2050104,2001380,48.618,47.462,-4,2
Georgia,16,Trump,4216603,2050246,2001165,48.623,47.459,-4,2
Georgia,16,Trump,4218500,2050186,2002737,48.6,47.475,-4,2
Georgia,16,Trump,4218447,2048607,2002934,48.563,47.48,-4,2
Georgia,16,Trump,4218492,2051273,2001326,48.626,47.442,-4,2
Georgia,16,Trump,4219317,2052763,2001262,48.652,47.431,-4,2
Georgia,16,Trump,4217010,2049953,2000924,48.612,47.449,-4,2
Georgia,16,Trump,4218475,2052254,2000669,48.649,47.426,-4,2
Georgia,16,Trump,4219266,2050752,2003157,48.604,47.476,-4,2
Georgia,16,Trump,4218762,2051688,2001695,48.632,47.447,-4,2
Georgia,16,Biden,4219875,2027888,2028283,48.056,48.065,-4,3
Georgia,16,Trump,4217858,2027538,2026533,48.07,48.046,-4,3
Georgia,16,Trump,4219648,2029658,2027002,48.1,48.037,-4,3
Georgia,16,Biden,4218800,2027098,2027632,48.049,48.062,-4,3
Georgia,16,Trump,4219261,2028595,2027253,48.079,48.048,-4,3
Georgia,16,Biden,4218427,2027262,2027688,48.057,48.067,-4,3
Georgia,16,Biden,4218718,2027395,2027606,48.057,48.062,-4,3
Georgia,16,Trump,4217357,2027182,2026205,48.068,48.044,-4,3
Georgia,16,Biden,4219510,2026554,2029122,48.028,48.089,-4,3
Georgia,16,Biden,4219052,2026576,2028564,48.034,48.081,-4,3
Georgia,16,Biden,4218959,2003595,2053014,47.49,48.662,-4,4
Georgia,16,Biden,4217500,2003582,2052155,47.506,48.658,-4,4
Georgia,16,Biden,4218522,2004204,2052787,47.51,48.661,-4,4
Georgia,16,Biden,4218486,2004986,2051691,47.529,48.636,-4,4
Georgia,16,Biden,4218387,2001361,2054622,47.444,48.706,-4,4
Georgia,16,Biden,4219263,2005334,2052070,47.528,48.636,-4,4
Georgia,16,Biden,4217375,2003673,2051673,47.51,48.648,-4,4
Georgia,16,Biden,4220211,2004752,2052927,47.504,48.645,-4,4
Georgia,16,Biden,4219818,2006536,2051376,47.55,48.613,-4,4
Georgia,16,Biden,4217074,2004608,2050561,47.536,48.625,-4,4
Georgia,16,Trump,4217473,2231340,1811208,52.907,42.945,-3,-4
Georgia,16,Trump,4217602,2231351,1811096,52.906,42.941,-3,-4
Georgia,16,Trump,4217392,2230541,1812460,52.889,42.976,-3,-4
Georgia,16,Trump,4217695,2233029,1809726,52.944,42.908,-3,-4
Georgia,16,Trump,4219459,2231622,1812349,52.889,42.952,-3,-4
Georgia,16,Trump,4217407,2229720,1812420,52.869,42.975,-3,-4
Georgia,16,Trump,4218997,2232469,1811381,52.915,42.934,-3,-4
Georgia,16,Trump,4218595,2232429,1810714,52.919,42.922,-3,-4
Georgia,16,Trump,4218713,2231309,1812611,52.891,42.966,-3,-4
Georgia,16,Trump,4215692,2230165,1810800,52.902,42.954,-3,-4
Georgia,16,Trump,4217178,2203935,1840093,52.261,43.633,-3,-3
Georgia,16,Trump,4216772,2202104,1840949,52.223,43.658,-3,-3
Georgia,16,Trump,4218960,2202872,1842617,52.214,43.675,-3,-3
Georgia,16,Trump,4219670,2205498,1840867,52.267,43.626,-3,-3
Georgia,16,Trump,4218291,2204512,1840444,52.261,43.63,-3,-3
Georgia,16,Trump,4217846,2203304,1841984,52.238,43.671,-3,-3
Georgia,16,Trump,4218815,2203801,1842608,52.237,43.676,-3,-3
Georgia,16,Trump,4219573,2204312,1841448,52.24,43.641,-3,-3
Georgia,16,Trump,4217586,2205496,1840357,52.293,43.635,-3,-3
Georgia,16,Trump,4220072,2205255,1841201,52.256,43.63,-3,-3
Georgia,16,Trump,4217923,2179626,1867932,51.675,44.286,-3,-2
Georgia,16,Trump,4219886,2179088,1870501,51.639,44.326,-3,-2
Georgia,16,Trump,4220086,2178932,1870319,51.632,44.319,-3,-2
Georgia,16,Trump,4216852,2175546,1870540,51.592,44.359,-3,-2
Georgia,16,Trump,4218603,2176796,1871038,51.6,44.352,-3,-2
Georgia,16,Trump,4216992,2176157,1870161,51.604,44.348,-3,-2
Georgia,16,Trump,4219736,2178390,1869791,51.624,44.311,-3,-2
Georgia,16,Trump,4218908,2176389,1871302,51.587,44.355,-3,-2
Georgia,16,Trump,4219270,2178037,1869895,51.621,44.318,-3,-2
Georgia,16,Trump,4218479,2177617,1869837,51.621,44.325,-3,-2
Georgia,16,Trump,4218153,2150276,1898839,50.977,45.016,-3,-1
Georgia,16,Trump,4219699,2152584,1897887,51.013,44.977,-3,-1
Georgia,16,Trump,4216322,2150853,1896444,51.013,44.979,-3,-1
Georgia,16,Trump,4218887,2151125,1898704,50.988,45.005,-3,-1
Georgia,16,Trump,4218770,2151727,1897953,51.004,44.988,-3,-1
Georgia,16,Trump,4218991,2149756,1899619,50.954,45.025,-3,-1
Georgia,16,Trump,4218533,2151860,1896998,51.01,44.968,-3,-1
Georgia,16,Trump,4219589,2152608,1898870,51.015,45.001,-3,-1
Georgia,16,Trump,4219216,2151316,1898938,50.989,45.007,-3,-1
Georgia,16,Trump,4219653,2152897,1897961,51.021,44.979,-3,-1
Georgia,16,Trump,4219530,2126367,1925469,50.393,45.632,-3,0
Georgia,16,Trump,4217501,2123663,1925807,50.354,45.662,-3,0
Georgia,16,Trump,4220141,2125385,1927174,50.363,45.666,-3,0
Georgia,16,Trump,4220482,2123919,1928518,50.324,45.694,-3,0
Georgia,16,Trump,4218539,2124678,1926449,50.365,45.666,-3,0
Georgia,16,Trump,4219365,2125792,1925648,50.382,45.638,-3,0
Georgia,16,Trump,4218687,2125809,1926615,50.39,45.669,-3,0
Georgia,16,Trump,4218263,2127992,1923418,50.447,45.597,-3,0
Georgia,16,Trump,4219378,2126246,1926480,50.392,45.658,-3,0
Georgia,16,Trump,4217232,2124652,1925146,50.38,45.65,-3,0
Georgia,16,Trump,4218397,2099687,1952816,49.775,46.293,-3,1
Georgia,16,Trump,4216799,2100586,1950427,49.815,46.254,-3,1
Georgia,16,Trump,4218957,2099494,1954055,49.763,46.316,-3,1
Georgia,16,Trump,4218427,2100968,1951745,49.805,46.267,-3,1
Georgia,16,Trump,4219741,2101684,1952802,49.806,46.278,-3,1
Georgia,16,Trump,4216256,2099820,1950842,49.803,46.27,-3,1
Georgia,16,Trump,4217819,2100541,1952731,49.802,46.297,-3,1
Georgia,16,Trump,4218525,2101661,1951359,49.82,46.257,-3,1
Georgia,16,Trump,4218802,2100123,1953249,49.78,46.299,-3,1
Georgia,16,Trump,4216513,2100821,1949896,49.824,46.244,-3,1
Georgia,16,Trump,4218555,2076868,1978368,49.232,46.897,-3,2
Georgia,16,Trump,4217591,2075772,1978089,49.217,46.901,-3,2
Georgia,16,Trump,4218020,2076089,1978257,49.22,46.9,-3,2
Georgia,16,Trump,4218720,2077289,1978073,49.24,46.888,-3,2
Georgia,16,Trump,4218991,2076920,1977896,49.228,46.881,-3,2
Georgia,16,Trump,4217541,2074799,1979310,49.195,46.93,-3,2
Georgia,16,Trump,4218795,2077696,1977876,49.249,46.882,-3,2
Georgia,16,Trump,4218206,2075561,1978498,49.205,46.904,-3,2
Georgia,16,Trump,4218904,2076266,1978993,49.213,46.908,-3,2
Georgia,16,Trump,4218467,2075183,1979587,49.193,46.927,-3,2
Georgia,16,Trump,4219000,2052425,2004538,48.647,47.512,-3,3
Georgia,16,Trump,4219052,2053480,2003331,48.672,47.483,-3,3
Georgia,16,Trump,4219604,2053452,2003767,48.665,47.487,-3,3
Georgia,16,Trump,4218577,2051785,2005587,48.637,47.542,-3,3
Georgia,16,Trump,4218483,2054449,2002571,48.701,47.471,-3,3
Georgia,16,Trump,4218906,2053366,2002594,48.671,47.467,-3,3
Georgia,16,Trump,4218749,2052765,2004179,48.658,47.506,-3,3
Georgia,16,Trump,4219128,2052281,2004707,48.642,47.515,-3,3
Georgia,16,Trump,4220111,2052440,2004788,48.635,47.506,-3,3
Georgia,16,Trump,4219680,2054444,2004327,48.687,47.5,-3,3
Georgia,16,Biden,4220685,2028824,2031579,48.069,48.134,-3,4
Georgia,16,Biden,4218044,2027704,2029629,48.072,48.118,-3,4
Georgia,16,Trump,4218670,2029179,2028843,48.1,48.092,-3,4
Georgia,16,Biden,4218562,2028775,2029836,48.092,48.117,-3,4
Georgia,16,Trump,4218819,2030022,2028229,48.118,48.076,-3,4
Georgia,16,Biden,4219905,2028955,2030504,48.081,48.117,-3,4
Georgia,16,Biden,4218423,2028626,2029801,48.09,48.118,-3,4
Georgia,16,Trump,4218008,2030434,2026552,48.137,48.045,-3,4
Georgia,16,Trump,4218151,2029311,2029130,48.109,48.105,-3,4
Georgia,16,Biden,4216569,2027175,2028435,48.076,48.106,-3,4
Georgia,16,Trump,4219114,2255984,1790198,53.471,42.431,-2,-4
Georgia,16,Trump,4218741,2257515,1788350,53.512,42.391,-2,-4
Georgia,16,Trump,4218712,2255570,1791224,53.466,42.459,-2,-4
Georgia,16,Trump,4219673,2257169,1790203,53.492,42.425,-2,-4
Georgia,16,Trump,4217835,2256654,1788889,53.503,42.412,-2,-4
Georgia,16,Trump,4220180,2257756,1789153,53.499,42.395,-2,-4
Georgia,16,Trump,4219537,2255112,1791208,53.445,42.45,-2,-4
Georgia,16,Trump,4218724,2257293,1788624,53.507,42.397,-2,-4
Georgia,16,Trump,4220647,2258131,1790187,53.502,42.415,-2,-4
Georgia,16,Trump,4219048,2256258,1788870,53.478,42.4,-2,-4
Georgia,16,Trump,4217987,2228780,1818039,52.84,43.102,-2,-3
Georgia,16,Trump,4218439,2228053,1818935,52.817,43.119,-2,-3
Georgia,16,Trump,4217357,2228688,1817763,52.846,43.102,-2,-3
Georgia,16,Trump,4217590,2228644,1818088,52.842,43.107,-2,-3
Georgia,16,Trump,4219618,2230178,1818321,52.853,43.092,-2,-3
Georgia,16,Trump,4218494,2227855,1819010,52.812,43.12,-2,-3
Georgia,16,Trump,4219124,2229837,1817781,52.851,43.084,-2,-3
Georgia,16,Trump,4217827,2227784,1818993,52.818,43.126,-2,-3
Georgia,16,Trump,4217356,2226907,1820048,52.803,43.156,-2,-3
Georgia,16,Trump,4219074,2228055,1819902,52.809,43.135,-2,-3
Georgia,16,Trump,4217431,2202064,1846148,52.213,43.774,-2,-2
Georgia,16,Trump,4218530,2199099,1850801,52.13,43.873,-2,-2
Georgia,16,Trump,4217618,2200274,1847958,52.169,43.815,-2,-2
Georgia,16,Trump,4217540,2200288,1848280,52.17,43.824,-2,-2
Georgia,16,Trump,4218953,2202352,1847391,52.201,43.788,-2,-2
Georgia,16,Trump,4217314,2202222,1845755,52.219,43.766,-2,-2
Georgia,16,Trump,4218447,2201941,1846812,52.198,43.779,-2,-2
Georgia,16,Trump,4218257,2202008,1846616,52.202,43.777,-2,-2
Georgia,16,Trump,4218397,2201567,1847929,52.19,43.806,-2,-2
Georgia,16,Trump,4217941,2200077,1848698,52.16,43.829,-2,-2
Georgia,16,Trump,4218145,2175821,1874872,51.582,44.448,-2,-1
Georgia,16,Trump,4217827,2176476,1874383,51.602,44.44,-2,-1
Georgia,16,Trump,4217771,2176409,1874303,51.601,44.438,-2,-1
Georgia,16,Trump,4218108,2177597,1873652,51.625,44.419,-2,-1
Georgia,16,Trump,4217714,2177009,1873832,51.616,44.428,-2,-1
Georgia,16,Trump,4217675,2175095,1875559,51.571,44.469,-2,-1
Georgia,16,Trump,4219504,2175675,1876610,51.562,44.475,-2,-1
Georgia,16,Trump,4218869,2177048,1874489,51.603,44.431,-2,-1
Georgia,16,Trump,4219826,2175399,1876661,51.552,44.472,-2,-1
Georgia,16,Trump,4217795,2174722,1875665,51.561,44.47,-2,-1
Georgia,16,Trump,4218045,2148700,1903683,50.941,45.132,-2,0
Georgia,16,Trump,4218795,2149871,1903556,50.959,45.121,-2,0
Georgia,16,Trump,4217073,2149538,1901696,50.972,45.095,-2,0
Georgia,16,Trump,4219806,2151091,1902491,50.976,45.085,-2,0
Georgia,16,Trump,4217552,2149569,1902427,50.967,45.107,-2,0
Georgia,16,Trump,4216629,2148619,1901920,50.956,45.105,-2,0
Georgia,16,Trump,4218666,2151072,1902439,50.989,45.096,-2,0
Georgia,16,Trump,4219374,2150244,1903899,50.961,45.123,-2,0
Georgia,16,Trump,4218514,2151047,1901379,50.991,45.072,-2,0
Georgia,16,Trump,4217797,2150516,1902059,50.987,45.096,-2,0
Georgia,16,Trump,4218440,2123932,1931090,50.349,45.777,-2,1
Georgia,16,Trump,4217089,2123876,1929234,50.364,45.748,-2,1
Georgia,16,Trump,4219536,2125794,1930015,50.38,45.74,-2,1
Georgia,16,Trump,4219293,2124451,1931127,50.351,45.769,-2,1
Georgia,16,Trump,4219031,2123613,1932264,50.334,45.799,-2,1
Georgia,16,Trump,4219113,2126549,1929278,50.403,45.727,-2,1
Georgia,16,Trump,4218312,2125229,1929907,50.381,45.751,-2,1
Georgia,16,Trump,4217821,2124385,1929320,50.367,45.742,-2,1
Georgia,16,Trump,4217467,2124436,1928897,50.372,45.736,-2,1
Georgia,16,Trump,4217596,2124772,1928870,50.379,45.734,-2,1
Georgia,16,Trump,4218848,2101126,1955927,49.803,46.362,-2,2
Georgia,16,Trump,4218432,2101490,1955023,49.817,46.345,-2,2
Georgia,16,Trump,4217323,2101443,1953758,49.829,46.327,-2,2
Georgia,16,Trump,4219631,2100426,1957287,49.777,46.385,-2,2
Georgia,16,Trump,4219059,2101841,1954869,49.818,46.334,-2,2
Georgia,16,Trump,4217825,2097946,1957830,49.74,46.418,-2,2
Georgia,16,Trump,4218496,2101391,1955215,49.814,46.349,-2,2
Georgia,16,Trump,4218531,2099347,1956573,49.765,46.38,-2,2
Georgia,16,Trump,4218061,2101310,1955564,49.817,46.362,-2,2
Georgia,16,Trump,4217761,2101542,1953954,49.826,46.327,-2,2
Georgia,16,Trump,4218850,2076154,1981489,49.211,46.968,-2,3
Georgia,16,Trump,4218999,2077077,1982287,49.232,46.985,-2,3
Georgia,16,Trump,4219296,2077262,1981725,49.232,46.968,-2,3
Georgia,16,Trump,4218579,2078203,1980368,49.263,46.944,-2,3
Georgia,16,Trump,4216980,2075136,1981407,49.209,46.986,-2,3
Georgia,16,Trump,4218553,2077835,1980710,49.255,46.952,-2,3
Georgia,16,Trump,4218182,2076903,1980576,49.237,46.953,-2,3
Georgia,16,Trump,4218934,2077110,1981672,49.233,46.971,-2,3
Georgia,16,Trump,4217553,2075774,1981546,49.217,46.983,-2,3
Georgia,16,Trump,4218572,2076508,1981023,49.223,46.96,-2,3
Georgia,16,Trump,4218233,2053825,2005633,48.689,47.547,-2,4
Georgia,16,Trump,4218406,2053030,2007112,48.668,47.58,-2,4
Georgia,16,Trump,4218408,2053622,2006108,48.682,47.556,-2,4
Georgia,16,Trump,4217990,2054726,2005123,48.713,47.537,-2,4
Georgia,16,Trump,4217573,2052818,2005090,48.673,47.541,-2,4
Georgia,16,Trump,4218865,2053663,2006527,48.678,47.561,-2,4
Georgia,16,Trump,4219479,2055993,2004822,48.726,47.513,-2,4
Georgia,16,Trump,4217491,2053345,2005359,48.686,47.549,-2,4
Georgia,16,Trump,4219728,2053943,2007603,48.675,47.577,-2,4
Georgia,16,Trump,4217376,2052956,2005762,48.679,47.559,-2,4
Georgia,16,Trump,4219093,2280263,1768154,54.046,41.908,-1,-4
Georgia,16,Trump,4219256,2279062,1769489,54.016,41.938,-1,-4
Georgia,16,Trump,4219889,2280274,1768239,54.036,41.903,-1,-4
Georgia,16,Trump,4218240,2278393,1768065,54.013,41.915,-1,-4
Georgia,16,Trump,4218503,2280152,1766737,54.051,41.881,-1,-4
Georgia,16,Trump,4217666,2281255,1765880,54.088,41.869,-1,-4
Georgia,16,Trump,4218313,2278893,1768139,54.024,41.916,-1,-4
Georgia,16,Trump,4217359,2279834,1767382,54.058,41.907,-1,-4
Georgia,16,Trump,4219435,2280468,1768150,54.047,41.905,-1,-4
Georgia,16,Trump,4219071,2279981,1768322,54.04,41.913,-1,-4
Georgia,16,Trump,4219146,2251997,1798196,53.376,42.62,-1,-3
Georgia,16,Trump,4219632,2251665,1798331,53.362,42.618,-1,-3
Georgia,16,Trump,4218694,2253171,1796021,53.409,42.573,-1,-3
Georgia,16,Trump,4218047,2252104,1796576,53.392,42.593,-1,-3
Georgia,16,Trump,4218244,2252565,1797365,53.401,42.609,-1,-3
Georgia,16,Trump,4217980,2253404,1796211,53.424,42.585,-1,-3
Georgia,16,Trump,4217613,2253414,1795134,53.429,42.563,-1,-3
Georgia,16,Trump,4218496,2253644,1796600,53.423,42.589,-1,-3
Georgia,16,Trump,4218927,2252671,1797855,53.394,42.614,-1,-3
Georgia,16,Trump,4218362,2250910,1798095,53.36,42.625,-1,-3
Georgia,16,Trump,4219250,2227093,1824756,52.784,43.248,-1,-2
Georgia,16,Trump,4217245,2225378,1824186,52.769,43.255,-1,-2
Georgia,16,Trump,4218214,2225809,1825182,52.767,43.269,-1,-2
Georgia,16,Trump,4218431,2226236,1825172,52.774,43.267,-1,-2
Georgia,16,Trump,4217422,2224473,1825896,52.745,43.294,-1,-2
Georgia,16,Trump,4217783,2223840,1826148,52.725,43.296,-1,-2
Georgia,16,Trump,4219206,2225756,1825838,52.753,43.274,-1,-2
Georgia,16,Trump,4220078,2224764,1828588,52.719,43.331,-1,-2
Georgia,16,Trump,4216884,2222785,1827066,52.712,43.327,-1,-2
Georgia,16,Trump,4218735,2225823,1825286,52.76,43.266,-1,-2
Georgia,16,Trump,4216957,2198410,1853521,52.133,43.954,-1,-1
Georgia,16,Trump,4217666,2199127,1852921,52.141,43.932,-1,-1
Georgia,16,Trump,4219881,2199278,1854623,52.117,43.95,-1,-1
Georgia,16,Trump,4219436,2200450,1853432,52.15,43.926,-1,-1
Georgia,16,Trump,4220230,2199340,1855687,52.114,43.971,-1,-1
Georgia,16,Trump,4217725,2201134,1851272,52.188,43.893,-1,-1
Georgia,16,Trump,4218337,2199628,1853548,52.144,43.94,-1,-1
Georgia,16,Trump,4219435,2199493,1853809,52.128,43.935,-1,-1
Georgia,16,Trump,4218236,2200116,1852648,52.157,43.92,-1,-1
Georgia,16,Trump,4217648,2199445,1852422,52.149,43.921,-1,-1
Georgia,16,Trump,4219671,2174893,1881048,51.542,44.578,-1,0
Georgia,16,Trump,4218750,2172414,1883071,51.494,44.636,-1,0
Georgia,16,Trump,4218219,2174094,1880159,51.541,44.572,-1,0
Georgia,16,Trump,4217599,2174291,1879628,51.553,44.566,-1,0
Georgia,16,Trump,4219625,2174615,1880834,51.536,44.573,-1,0
Georgia,16,Trump,4218988,2174196,1881112,51.534,44.587,-1,0
Georgia,16,Trump,4218801,2173580,1880835,51.521,44.582,-1,0
Georgia,16,Trump,4218280,2175211,1879693,51.566,44.561,-1,0
Georgia,16,Trump,4218619,2173099,1881491,51.512,44.6,-1,0
Georgia,16,Trump,4219645,2175888,1880366,51.566,44.562,-1,0
Georgia,16,Trump,4218312,2148880,1907030,50.942,45.208,-1,1
Georgia,16,Trump,4219687,2148562,1908775,50.918,45.235,-1,1
Georgia,16,Trump,4219629,2149507,1907347,50.941,45.202,-1,1
Georgia,16,Trump,4220257,2149068,1908680,50.923,45.227,-1,1
Georgia,16,Trump,4218731,2148710,1907991,50.933,45.227,-1,1
Georgia,16,Trump,4218919,2149447,1907252,50.948,45.207,-1,1
Georgia,16,Trump,4219838,2151329,1907283,50.981,45.198,-1,1
Georgia,16,Trump,4218317,2148804,1906797,50.94,45.203,-1,1
Georgia,16,Trump,4217482,2147557,1906983,50.92,45.216,-1,1
Georgia,16,Trump,4218281,2148696,1907534,50.938,45.221,-1,1
Georgia,16,Trump,4218703,2125074,1933026,50.373,45.82,-1,2
Georgia,16,Trump,4218631,2123994,1934344,50.348,45.852,-1,2
Georgia,16,Trump,4218220,2123795,1934971,50.348,45.872,-1,2
Georgia,16,Trump,4219373,2124839,1934080,50.359,45.838,-1,2
Georgia,16,Trump,4219398,2124509,1934313,50.351,45.843,-1,2
Georgia,16,Trump,4219470,2125659,1933717,50.377,45.828,-1,2
Georgia,16,Trump,4219405,2124242,1934741,50.345,45.853,-1,2
Georgia,16,Trump,4219753,2125379,1933984,50.367,45.832,-1,2
Georgia,16,Trump,4218329,2123698,1933732,50.345,45.841,-1,2
Georgia,16,Trump,4218090,2125241,1932532,50.384,45.815,-1,2
Georgia,16,Trump,4219916,2098995,1961762,49.74,46.488,-1,3
Georgia,16,Trump,4218768,2101068,1959598,49.803,46.45,-1,3
Georgia,16,Trump,4219980,2101051,1959879,49.788,46.443,-1,3
Georgia,16,Trump,4218572,2099809,1959652,49.775,46.453,-1,3
Georgia,16,Trump,4217077,2100195,1958212,49.802,46.435,-1,3
Georgia,16,Trump,4219427,2101750,1959410,49.811,46.438,-1,3
Georgia,16,Trump,4216607,2098919,1958631,49.777,46.45,-1,3
Georgia,16,Trump,4217679,2099697,1958933,49.783,46.446,-1,3
Georgia,16,Trump,4218034,2100692,1958150,49.803,46.423,-1,3
Georgia,16,Trump,4218887,2101085,1959596,49.802,46.448,-1,3
Georgia,16,Trump,4219380,2076820,1985180,49.221,47.049,-1,4
Georgia,16,Trump,4217506,2076946,1983408,49.246,47.028,-1,4
Georgia,16,Trump,4217333,2077278,1982948,49.256,47.019,-1,4
Georgia,16,Trump,4217828,2074865,1986237,49.193,47.091,-1,4
Georgia,16,Trump,4217801,2075829,1985143,49.216,47.066,-1,4
Georgia,16,Trump,4217768,2077811,1982697,49.263,47.008,-1,4
Georgia,16,Trump,4216857,2075186,1984670,49.212,47.065,-1,4
Georgia,16,Trump,4218502,2075806,1985355,49.207,47.063,-1,4
Georgia,16,Trump,4218779,2076283,1985184,49.215,47.056,-1,4
Georgia,16,Trump,4219279,2078955,1983259,49.273,47.005,-1,4
Georgia,16,Trump,4218523,2304025,1745062,54.617,41.367,0,-4
Georgia,16,Trump,4219076,2304730,1745233,54.626,41.365,0,-4
Georgia,16,Trump,4219417,2305155,1745360,54.632,41.365,0,-4
Georgia,16,Trump,4217214,2302935,1745280,54.608,41.385,0,-4
Georgia,16,Trump,4220052,2303276,1747661,54.579,41.413,0,-4
Georgia,16,Trump,4216932,2300687,1747306,54.558,41.435,0,-4
Georgia,16,Trump,4218227,2303989,1745428,54.62,41.378,0,-4
Georgia,16,Trump,4218023,2304375,1745327,54.632,41.378,0,-4
Georgia,16,Trump,4218308,2303036,1745849,54.596,41.387,0,-4
Georgia,16,Trump,4218767,2302735,1746843,54.583,41.406,0,-4
Georgia,16,Trump,4215923,2276233,1772999,53.991,42.055,0,-3
Georgia,16,Trump,4216662,2274146,1774948,53.932,42.094,0,-3
Georgia,16,Trump,4218798,2274964,1776186,53.924,42.102,0,-3
Georgia,16,Trump,4218603,2276591,1774603,53.966,42.066,0,-3
Georgia,16,Trump,4217977,2275291,1775213,53.943,42.087,0,-3
Georgia,16,Trump,4217746,2274951,1775969,53.938,42.107,0,-3
Georgia,16,Trump,4221161,2276802,1776890,53.938,42.095,0,-3
Georgia,16,Trump,4217379,2275581,1774890,53.957,42.085,0,-3
Georgia,16,Trump,4218881,2277152,1773743,53.975,42.043,0,-3
Georgia,16,Trump,4219237,2276903,1775593,53.965,42.083,0,-3
Georgia,16,Trump,4218212,2249130,1804182,53.32,42.771,0,-2
Georgia,16,Trump,4219004,2248427,1805341,53.293,42.791,0,-2
Georgia,16,Trump,4216901,2251107,1801523,53.383,42.721,0,-2
Georgia,16,Trump,4217943,2250480,1801815,53.355,42.718,0,-2
Georgia,16,Trump,4219523,2249253,1804576,53.306,42.767,0,-2
Georgia,16,Trump,4220154,2249124,1805422,53.295,42.781,0,-2
Georgia,16,Trump,4219638,2248753,1805633,53.293,42.791,0,-2
Georgia,16,Trump,4219109,2250676,1802780,53.345,42.729,0,-2
Georgia,16,Trump,4218616,2248016,1804810,53.288,42.782,0,-2
Georgia,16,Trump,4217716,2247759,1805826,53.293,42.815,0,-2
Georgia,16,Trump,4219467,2223273,1832474,52.691,43.429,0,-1
Georgia,16,Trump,4217483,2223430,1830224,52.719,43.396,0,-1
Georgia,16,Trump,4218408,2221983,1833010,52.673,43.453,0,-1
Georgia,16,Trump,4219584,2223755,1831998,52.701,43.417,0,-1
Georgia,16,Trump,4218830,2222602,1832805,52.683,43.443,0,-1
Georgia,16,Trump,4218884,2222798,1832434,52.687,43.434,0,-1
Georgia,16,Trump,4218874,2221199,1833729,52.649,43.465,0,-1
Georgia,16,Trump,4218818,2222645,1832706,52.684,43.441,0,-1
Georgia,16,Trump,4218873,2224884,1829748,52.736,43.371,0,-1
Georgia,16,Trump,4219351,2221967,1833862,52.661,43.463,0,-1
Georgia,16,Trump,4218572,2198027,1858168,52.104,44.047,0,0
Georgia,16,Trump,4217781,2196841,1859071,52.085,44.077,0,0
Georgia,16,Trump,4217199,2195423,1859595,52.059,44.096,0,0
Georgia,16,Trump,4218526,2198518,1858150,52.116,44.047,0,0
Georgia,16,Trump,4217715,2195830,1860453,52.062,44.11,0,0
Georgia,16,Trump,4218726,2197353,1859030,52.086,44.066,0,0
Georgia,16,Trump,4219300,2199831,1858160,52.137,44.04,0,0
Georgia,16,Trump,4218557,2198136,1858994,52.106,44.067,0,0
Georgia,16,Trump,4218732,2196528,1860676,52.066,44.105,0,0
Georgia,16,Trump,4217189,2196673,1858258,52.089,44.064,0,0
Georgia,16,Trump,4217078,2172489,1883866,51.516,44.672,0,1
Georgia,16,Trump,4216689,2170066,1886749,51.464,44.745,0,1
Georgia,16,Trump,4219936,2174155,1885090,51.521,44.671,0,1
Georgia,16,Trump,4218057,2172880,1885063,51.514,44.69,0,1
Georgia,16,Trump,4218950,2172160,1886488,51.486,44.715,0,1
Georgia,16,Trump,4219774,2173420,1886046,51.506,44.695,0,1
Georgia,16,Trump,4217906,2170536,1886484,51.46,44.726,0,1
Georgia,16,Trump,4218386,2171923,1886421,51.487,44.719,0,1
Georgia,16,Trump,4219823,2172684,1886883,51.488,44.715,0,1
Georgia,16,Trump,4218829,2172132,1886219,51.487,44.71,0,1
Georgia,16,Trump,4219393,2148061,1913261,50.909,45.344,0,2
Georgia,16,Trump,4217925,2147451,1912791,50.912,45.349,0,2
Georgia,16,Trump,4218743,2148167,1911542,50.92,45.311,0,2
Georgia,16,Trump,4217434,2147510,1911014,50.92,45.312,0,2
Georgia,16,Trump,4217200,2146658,1911874,50.902,45.335,0,2
Georgia,16,Trump,4219172,2147651,1912705,50.902,45.334,0,2
Georgia,16,Trump,4217776,2147709,1911496,50.92,45.32,0,2
Georgia,16,Trump,4216934,2148210,1910359,50.942,45.302,0,2
Georgia,16,Trump,4217766,2149070,1910333,50.953,45.293,0,2
Georgia,16,Trump,4219530,2146537,1914051,50.871,45.362,0,2
Georgia,16,Trump,4219111,2123429,1938843,50.329,45.954,0,3
Georgia,16,Trump,4218025,2123851,1937201,50.352,45.927,0,3
Georgia,16,Trump,4218386,2124654,1935685,50.367,45.887,0,3
Georgia,16,Trump,4218401,2124160,1937056,50.355,45.919,0,3
Georgia,16,Trump,4218304,2122624,1938510,50.319,45.955,0,3
Georgia,16,Trump,4218512,2126219,1935231,50.402,45.875,0,3
Georgia,16,Trump,4216817,2124600,1936046,50.384,45.912,0,3
Georgia,16,Trump,4219057,2123343,1938390,50.327,45.944,0,3
Georgia,16,Trump,4218885,2124445,1937205,50.356,45.917,0,3
Georgia,16,Trump,4217611,2123919,1936874,50.358,45.923,0,3
Georgia,16,Trump,4218839,2100603,1963139,49.791,46.533,0,4
Georgia,16,Trump,4218857,2101933,1961146,49.822,46.485,0,4
Georgia,16,Trump,4218395,2099671,1963409,49.774,46.544,0,4
Georgia,16,Trump,4218490,2097761,1964543,49.728,46.57,0,4
Georgia,16,Trump,4219954,2100932,1963522,49.786,46.529,0,4
Georgia,16,Trump,4219230,2100081,1962707,49.774,46.518,0,4
Georgia,16,Trump,4219432,2099996,1963570,49.77,46.536,0,4
Georgia,16,Trump,4219311,2100768,1962422,49.789,46.51,0,4
Georgia,16,Trump,4217943,2101295,1961012,49.818,46.492,0,4
Georgia,16,Trump,4219421,2100831,1962626,49.79,46.514,0,4
Georgia,16,Trump,4217479,2324464,1725481,55.115,40.913,1,-4
Georgia,16,Trump,4218262,2324208,1727068,55.099,40.943,1,-4
Georgia,16,Trump,4217194,2324878,1725733,55.129,40.921,1,-4
Georgia,16,Trump,4219011,2327028,1724764,55.156,40.881,1,-4
Georgia,16,Trump,4219416,2326663,1725124,55.142,40.885,1,-4
Georgia,16,Trump,4219617,2324480,1727620,55.087,40.943,1,-4
Georgia,16,Trump,4217993,2325255,1725922,55.127,40.918,1,-4
Georgia,16,Trump,4219143,2326101,1725613,55.132,40.9,1,-4
Georgia,16,Trump,4216954,2325659,1723869,55.15,40.879,1,-4
Georgia,16,Trump,4218101,2325293,1725943,55.127,40.918,1,-4
Georgia,16,Trump,4217172,2296605,1754863,54.458,41.612,1,-3
Georgia,16,Trump,4217009,2299441,1752426,54.528,41.556,1,-3
Georgia,16,Trump,4217863,2297274,1755167,54.465,41.613,1,-3
Georgia,16,Trump,4218499,2297484,1755482,54.462,41.614,1,-3
Georgia,16,Trump,4218292,2298186,1754338,54.481,41.589,1,-3
Georgia,16,Trump,4219161,2299754,1753836,54.507,41.568,1,-3
Georgia,16,Trump,4219132,2299155,1753828,54.494,41.568,1,-3
Georgia,16,Trump,4218080,2298127,1754522,54.483,41.595,1,-3
Georgia,16,Trump,4217514,2297491,1754270,54.475,41.595,1,-3
Georgia,16,Trump,4217784,2296823,1755921,54.456,41.631,1,-3
Georgia,16,Trump,4217484,2271686,1782147,53.864,42.256,1,-2
Georgia,16,Trump,4218073,2270327,1783897,53.824,42.292,1,-2
Georgia,16,Trump,4218814,2271489,1783599,53.842,42.277,1,-2
Georgia,16,Trump,4219657,2272240,1782959,53.849,42.254,1,-2
Georgia,16,Trump,4217526,2271294,1782369,53.854,42.261,1,-2
Georgia,16,Trump,4217419,2272280,1781496,53.878,42.241,1,-2
Georgia,16,Trump,4218891,2271318,1783250,53.837,42.268,1,-2
Georgia,16,Trump,4216765,2269270,1783622,53.815,42.298,1,-2
Georgia,16,Trump,4220074,2271814,1783931,53.834,42.273,1,-2
Georgia,16,Trump,4219333,2273243,1782710,53.877,42.251,1,-2
Georgia,16,Trump,4220460,2246274,1812593,53.223,42.948,1,-1
Georgia,16,Trump,4219987,2246282,1811160,53.23,42.919,1,-1
Georgia,16,Trump,4218644,2244656,1811658,53.208,42.944,1,-1
Georgia,16,Trump,4218268,2246260,1809951,53.251,42.907,1,-1
Georgia,16,Trump,4218392,2244611,1811761,53.21,42.949,1,-1
Georgia,16,Trump,4217842,2247911,1808348,53.295,42.874,1,-1
Georgia,16,Trump,4219846,2245597,1811349,53.215,42.925,1,-1
Georgia,16,Trump,4218602,2244233,1812276,53.199,42.959,1,-1
Georgia,16,Trump,4218321,2245300,1811605,53.227,42.946,1,-1
Georgia,16,Trump,4218290,2245657,1810822,53.236,42.928,1,-1
Georgia,16,Trump,4218610,2220895,1837054,52.645,43.546,1,0
Georgia,16,Trump,4218830,2218687,1839929,52.59,43.612,1,0
Georgia,16,Trump,4216102,2218266,1837005,52.614,43.571,1,0
Georgia,16,Trump,4219708,2220554,1838869,52.623,43.578,1,0
Georgia,16,Trump,4217649,2217122,1839953,52.568,43.625,1,0
Georgia,16,Trump,4218163,2218933,1838972,52.604,43.597,1,0
Georgia,16,Trump,4218221,2218597,1838717,52.596,43.59,1,0
Georgia,16,Trump,4218140,2219672,1837783,52.622,43.569,1,0
Georgia,16,Trump,4218077,2219249,1838371,52.613,43.583,1,0
Georgia,16,Trump,4217854,2218603,1838933,52.6,43.599,1,0
Georgia,16,Trump,4217474,2194187,1864994,52.026,44.221,1,1
Georgia,16,Trump,4220017,2194330,1866394,51.998,44.227,1,1
Georgia,16,Trump,4220476,2195546,1866050,52.021,44.214,1,1
Georgia,16,Trump,4217268,2194050,1864542,52.025,44.212,1,1
Georgia,16,Trump,4218055,2196112,1863111,52.065,44.17,1,1
Georgia,16,Trump,4217831,2194916,1864451,52.039,44.204,1,1
Georgia,16,Trump,4218955,2195067,1864887,52.029,44.203,1,1
Georgia,16,Trump,4218328,2194939,1864964,52.033,44.211,1,1
Georgia,16,Trump,4217641,2196004,1863791,52.067,44.19,1,1
Georgia,16,Trump,4217563,2194875,1863440,52.041,44.183,1,1
Georgia,16,Trump,4219496,2171360,1890567,51.46,44.806,1,2
Georgia,16,Trump,4217617,2171545,1889057,51.487,44.79,1,2
Georgia,16,Trump,4218664,2173314,1888335,51.517,44.761,1,2
Georgia,16,Trump,4218422,2170491,1890730,51.453,44.821,1,2
Georgia,16,Trump,4219069,2172388,1889821,51.49,44.792,1,2
Georgia,16,Trump,4220499,2172920,1890650,51.485,44.797,1,2
Georgia,16,Trump,4218453,2171195,1890236,51.469,44.809,1,2
Georgia,16,Trump,4218902,2170453,1891468,51.446,44.833,1,2
Georgia,16,Trump,4217817,2170033,1890610,51.449,44.824,1,2
Georgia,16,Trump,4219870,2168974,1893002,51.399,44.859,1,2
Georgia,16,Trump,4218486,2145685,1918229,50.864,45.472,1,3
Georgia,16,Trump,4217049,2146425,1914961,50.899,45.41,1,3
Georgia,16,Trump,4219399,2148321,1915762,50.915,45.404,1,3
Georgia,16,Trump,4221164,2147672,1918053,50.879,45.439,1,3
Georgia,16,Trump,4217626,2148229,1914527,50.935,45.393,1,3
Georgia,16,Trump,4217769,2146579,1915520,50.894,45.415,1,3
Georgia,16,Trump,4220304,2147177,1917303,50.877,45.43,1,3
Georgia,16,Trump,4218082,2145153,1917694,50.856,45.464,1,3
Georgia,16,Trump,4217770,2147133,1914506,50.907,45.391,1,3
Georgia,16,Trump,4219241,2147025,1915507,50.887,45.399,1,3
Georgia,16,Trump,4219616,2123613,1942523,50.327,46.036,1,4
Georgia,16,Trump,4217504,2122169,1941352,50.318,46.031,1,4
Georgia,16,Trump,4218814,2124895,1940000,50.367,45.984,1,4
Georgia,16,Trump,4219149,2123904,1941478,50.34,46.016,1,4
Georgia,16,Trump,4219087,2124291,1940316,50.35,45.989,1,4
Georgia,16,Trump,4219314,2123856,1941271,50.337,46.009,1,4
Georgia,16,Trump,4219183,2123235,1941581,50.323,46.018,1,4
Georgia,16,Trump,4219175,2124009,1940858,50.342,46.001,1,4
Georgia,16,Trump,4218087,2122793,1941345,50.326,46.024,1,4
Georgia,16,Trump,4217841,2124057,1940163,50.359,45.999,1,4
Georgia,16,Trump,4218479,2349339,1704333,55.692,40.402,2,-4
Georgia,16,Trump,4218928,2347799,1705805,55.649,40.432,2,-4
Georgia,16,Trump,4217057,2346250,1705333,55.637,40.439,2,-4
Georgia,16,Trump,4218833,2345949,1707674,55.607,40.477,2,-4
Georgia,16,Trump,4219045,2349150,1704709,55.68,40.405,2,-4
Georgia,16,Trump,4219711,2348187,1705888,55.648,40.427,2,-4
Georgia,16,Trump,4217528,2347369,1704482,55.657,40.414,2,-4
Georgia,16,Trump,4217860,2347549,1705079,55.657,40.425,2,-4
Georgia,16,Trump,4218844,2349372,1704647,55.688,40.406,2,-4
Georgia,16,Trump,4217174,2346655,1705093,55.645,40.432,2,-4
Georgia,16,Trump,4216852,2321907,1731681,55.063,41.066,2,-3
Georgia,16,Trump,4217416,2320119,1732853,55.013,41.088,2,-3
Georgia,16,Trump,4218871,2320664,1734646,55.007,41.116,2,-3
Georgia,16,Trump,4217559,2319321,1734249,54.992,41.12,2,-3
Georgia,16,Trump,4218319,2319578,1735098,54.988,41.132,2,-3
Georgia,16,Trump,4219956,2320543,1735619,54.99,41.129,2,-3
Georgia,16,Trump,4217556,2321277,1732740,55.038,41.084,2,-3
Georgia,16,Trump,4217365,2319395,1734110,54.996,41.118,2,-3
Georgia,16,Trump,4218545,2321263,1733651,55.025,41.096,2,-3
Georgia,16,Trump,4218961,2319931,1735717,54.988,41.141,2,-3
Georgia,16,Trump,4218563,2293296,1763563,54.362,41.805,2,-2
Georgia,16,Trump,4218665,2295054,1761735,54.402,41.76,2,-2
Georgia,16,Trump,4218575,2294962,1761267,54.401,41.75,2,-2
Georgia,16,Trump,4218764,2291791,1764860,54.324,41.834,2,-2
Georgia,16,Trump,4219225,2294930,1761915,54.392,41.759,2,-2
Georgia,16,Trump,4218638,2295222,1761336,54.407,41.751,2,-2
Georgia,16,Trump,4217646,2291437,1763220,54.33,41.806,2,-2
Georgia,16,Trump,4220124,2295602,1761400,54.397,41.738,2,-2
Georgia,16,Trump,4217971,2293317,1762203,54.37,41.778,2,-2
Georgia,16,Trump,4220431,2295656,1762217,54.394,41.754,2,-2
Georgia,16,Trump,4218496,2266811,1790955,53.735,42.455,2,-1
Georgia,16,Trump,4218102,2267642,1790404,53.76,42.446,2,-1
Georgia,16,Trump,4219572,2268566,1790563,53.763,42.435,2,-1
Georgia,16,Trump,4217955,2268649,1788814,53.786,42.41,2,-1
Georgia,16,Trump,4217411,2266248,1791266,53.736,42.473,2,-1
Georgia,16,Trump,4220124,2269366,1790464,53.775,42.427,2,-1
Georgia,16,Trump,4220226,2268048,1791707,53.742,42.455,2,-1
Georgia,16,Trump,4219573,2268063,1790917,53.751,42.443,2,-1
Georgia,16,Trump,4217934,2268103,1788762,53.773,42.408,2,-1
Georgia,16,Trump,4217573,2266316,1791037,53.735,42.466,2,-1
Georgia,16,Trump,4217154,2240967,1817589,53.139,43.1,2,0
Georgia,16,Trump,4218191,2242261,1817695,53.157,43.092,2,0
Georgia,16,Trump,4218407,2242382,1817573,53.157,43.087,2,0
Georgia,16,Trump,4219026,2241938,1817839,53.139,43.087,2,0
Georgia,16,Trump,4218812,2241881,1818569,53.14,43.106,2,0
Georgia,16,Trump,4217994,2240244,1818844,53.112,43.121,2,0
Georgia,16,Trump,4219345,2241726,1818240,53.13,43.093,2,0
Georgia,16,Trump,4217976,2242052,1817095,53.155,43.08,2,0
Georgia,16,Trump,4219001,2241740,1818314,53.134,43.098,2,0
Georgia,16,Trump,4218118,2242683,1817103,53.168,43.079,2,0
Georgia,16,Trump,4219667,2219663,1843122,52.603,43.679,2,1
Georgia,16,Trump,4219170,2218289,1843690,52.576,43.698,2,1
Georgia,16,Trump,4217802,2217258,1843108,52.569,43.698,2,1
Georgia,16,Trump,4220010,2217374,1845494,52.544,43.732,2,1
Georgia,16,Trump,4219313,2216857,1845360,52.541,43.736,2,1
Georgia,16,Trump,4218440,2216614,1844120,52.546,43.716,2,1
Georgia,16,Trump,4218231,2217244,1843894,52.563,43.712,2,1
Georgia,16,Trump,4217973,2216420,1844381,52.547,43.727,2,1
Georgia,16,Trump,4220304,2218540,1844471,52.568,43.705,2,1
Georgia,16,Trump,4217719,2216194,1843977,52.545,43.72,2,1
Georgia,16,Trump,4218898,2193279,1870092,51.987,44.327,2,2
Georgia,16,Trump,4218899,2192509,1871267,51.969,44.354,2,2
Georgia,16,Trump,4218257,2193942,1868428,52.011,44.294,2,2
Georgia,16,Trump,4219224,2192771,1871156,51.971,44.348,2,2
Georgia,16,Trump,4217794,2193073,1869213,51.996,44.317,2,2
Georgia,16,Trump,4217814,2192141,1869985,51.973,44.335,2,2
Georgia,16,Trump,4218938,2194752,1868630,52.021,44.291,2,2
Georgia,16,Trump,4219355,2191773,1871789,51.946,44.362,2,2
Georgia,16,Trump,4217449,2192111,1869826,51.977,44.335,2,2
Georgia,16,Trump,4219191,2192084,1871317,51.955,44.353,2,2
Georgia,16,Trump,4219589,2170550,1895156,51.44,44.913,2,3
Georgia,16,Trump,4217112,2167809,1894952,51.405,44.935,2,3
Georgia,16,Trump,4219486,2170076,1894788,51.43,44.906,2,3
Georgia,16,Trump,4219072,2169797,1895451,51.428,44.926,2,3
Georgia,16,Trump,4219439,2168830,1895800,51.401,44.93,2,3
Georgia,16,Trump,4218732,2168824,1895790,51.409,44.937,2,3
Georgia,16,Trump,4219991,2170247,1896368,51.428,44.938,2,3
Georgia,16,Trump,4218348,2169223,1895777,51.424,44.941,2,3
Georgia,16,Trump,4219363,2169562,1895520,51.419,44.924,2,3
Georgia,16,Trump,4217636,2168764,1894480,51.421,44.918,2,3
Georgia,16,Trump,4219328,2145700,1920446,50.854,45.515,2,4
Georgia,16,Trump,4218762,2145655,1921094,50.86,45.537,2,4
Georgia,16,Trump,4217465,2146016,1919341,50.884,45.509,2,4
Georgia,16,Trump,4218520,2144333,1921854,50.831,45.558,2,4
Georgia,16,Trump,4218927,2145945,1920553,50.865,45.522,2,4
Georgia,16,Trump,4218948,2145583,1920792,50.856,45.528,2,4
Georgia,16,Trump,4218985,2148176,1918048,50.917,45.462,2,4
Georgia,16,Trump,4219454,2146646,1920330,50.875,45.511,2,4
Georgia,16,Trump,4219091,2145557,1920979,50.854,45.531,2,4
Georgia,16,Trump,4218204,2145630,1920548,50.866,45.53,2,4
Georgia,16,Trump,4218437,2369433,1685420,56.169,39.954,3,-4
Georgia,16,Trump,4217206,2368648,1684865,56.166,39.952,3,-4
Georgia,16,Trump,4216780,2369924,1683159,56.202,39.916,3,-4
Georgia,16,Trump,4218204,2368825,1686105,56.157,39.972,3,-4
Georgia,16,Trump,4219308,2370288,1685309,56.177,39.943,3,-4
Georgia,16,Trump,4218734,2370801,1684622,56.197,39.932,3,-4
Georgia,16,Trump,4218228,2369235,1685828,56.167,39.965,3,-4
Georgia,16,Trump,4218900,2371102,1684030,56.202,39.916,3,-4
Georgia,16,Trump,4217847,2369528,1684438,56.179,39.936,3,-4
Georgia,16,Trump,4219646,2370381,1685596,56.175,39.946,3,-4
Georgia,16,Trump,4219497,2341668,1715409,55.496,40.654,3,-3
Georgia,16,Trump,4218465,2339966,1716819,55.47,40.698,3,-3
Georgia,16,Trump,4219225,2342325,1714861,55.516,40.644,3,-3
Georgia,16,Trump,4218686,2342592,1714585,55.529,40.643,3,-3
Georgia,16,Trump,4219394,2343468,1713836,55.54,40.618,3,-3
Georgia,16,Trump,4218822,2341810,1714961,55.509,40.65,3,-3
Georgia,16,Trump,4218567,2340634,1715991,55.484,40.677,3,-3
Georgia,16,Trump,4217874,2341702,1714323,55.519,40.644,3,-3
Georgia,16,Trump,4218736,2343064,1713500,55.539,40.616,3,-3
Georgia,16,Trump,4218192,2344396,1712809,55.578,40.605,3,-3
Georgia,16,Trump,4218558,2315101,1743067,54.879,41.319,3,-2
Georgia,16,Trump,4218713,2315538,1742264,54.887,41.298,3,-2
Georgia,16,Trump,4218235,2315720,1742427,54.898,41.307,3,-2
Georgia,16,Trump,4218601,2312561,1745287,54.818,41.371,3,-2
Georgia,16,Trump,4219247,2315796,1742930,54.886,41.309,3,-2
Georgia,16,Trump,4218433,2315709,1742220,54.895,41.3,3,-2
Georgia,16,Trump,4218887,2315580,1742626,54.886,41.305,3,-2
Georgia,16,Trump,4218596,2314648,1743420,54.868,41.327,3,-2
Georgia,16,Trump,4220352,2317378,1743049,54.91,41.301,3,-2
Georgia,16,Trump,4218282,2314558,1743373,54.87,41.329,3,-2
Georgia,16,Trump,4218439,2287974,1772142,54.237,42.009,3,-1
Georgia,16,Trump,4218800,2289577,1770499,54.271,41.967,3,-1
Georgia,16,Trump,4218154,2290699,1769105,54.306,41.94,3,-1
Georgia,16,Trump,4217384,2288791,1769665,54.27,41.961,3,-1
Georgia,16,Trump,4218082,2289201,1770483,54.271,41.974,3,-1
Georgia,16,Trump,4220263,2288740,1772907,54.232,42.009,3,-1
Georgia,16,Trump,4218270,2288957,1770487,54.263,41.972,3,-1
Georgia,16,Trump,4219109,2291006,1769559,54.301,41.942,3,-1
Georgia,16,Trump,4218795,2290836,1769517,54.301,41.944,3,-1
Georgia,16,Trump,4218564,2290061,1769973,54.285,41.957,3,-1
Georgia,16,Trump,4219504,2264819,1797485,53.675,42.599,3,0
Georgia,16,Trump,4220802,2265831,1797886,53.682,42.596,3,0
Georgia,16,Trump,4220691,2266204,1797230,53.693,42.581,3,0
Georgia,16,Trump,4217553,2265281,1794600,53.711,42.551,3,0
Georgia,16,Trump,4217021,2261616,1798255,53.631,42.643,3,0
Georgia,16,Trump,4218486,2264844,1796120,53.689,42.577,3,0
Georgia,16,Trump,4219377,2264774,1797232,53.676,42.595,3,0
Georgia,16,Trump,4218707,2265283,1796212,53.696,42.577,3,0
Georgia,16,Trump,4217790,2265507,1795155,53.713,42.562,3,0
Georgia,16,Trump,4219644,2263561,1798736,53.643,42.628,3,0
Georgia,16,Trump,4219727,2241157,1823749,53.111,43.22,3,1
Georgia,16,Trump,4218010,2237927,1824217,53.056,43.248,3,1
Georgia,16,Trump,4219352,2241087,1821992,53.114,43.182,3,1
Georgia,16,Trump,4218268,2239760,1822888,53.097,43.214,3,1
Georgia,16,Trump,4218473,2240341,1821854,53.108,43.188,3,1
Georgia,16,Trump,4218930,2241305,1821401,53.125,43.172,3,1
Georgia,16,Trump,4218387,2238301,1823989,53.061,43.239,3,1
Georgia,16,Trump,4218768,2239619,1823228,53.087,43.217,3,1
Georgia,16,Trump,4219223,2238226,1824831,53.048,43.25,3,1
Georgia,16,Trump,4218475,2238958,1823762,53.075,43.233,3,1
Georgia,16,Trump,4217841,2214917,1849379,52.513,43.847,3,2
Georgia,16,Trump,4218890,2214645,1850129,52.494,43.853,3,2
Georgia,16,Trump,4219533,2217080,1848500,52.543,43.808,3,2
Georgia,16,Trump,4218515,2214433,1849569,52.493,43.844,3,2
Georgia,16,Trump,4218763,2213966,1850806,52.479,43.871,3,2
Georgia,16,Trump,4216806,2214860,1848361,52.525,43.833,3,2
Georgia,16,Trump,4218253,2215883,1848433,52.531,43.82,3,2
Georgia,16,Trump,4217556,2213008,1850650,52.471,43.88,3,2
Georgia,16,Trump,4218782,2213672,1851302,52.472,43.882,3,2
Georgia,16,Trump,4218239,2213999,1850368,52.486,43.866,3,2
Georgia,16,Trump,4217398,2191052,1873916,51.953,44.433,3,3
Georgia,16,Trump,4219483,2191189,1875549,51.93,44.45,3,3
Georgia,16,Trump,4218155,2190609,1875169,51.933,44.455,3,3
Georgia,16,Trump,4218679,2192018,1873797,51.96,44.417,3,3
Georgia,16,Trump,4219296,2192727,1873806,51.969,44.41,3,3
Georgia,16,Trump,4218149,2190424,1874828,51.929,44.447,3,3
Georgia,16,Trump,4219177,2193057,1873134,51.978,44.396,3,3
Georgia,16,Trump,4217366,2189564,1875214,51.918,44.464,3,3
Georgia,16,Trump,4219752,2191542,1875282,51.935,44.441,3,3
Georgia,16,Trump,4219192,2194085,1873125,52.002,44.395,3,3
Georgia,16,Trump,4219150,2168565,1899915,51.398,45.031,3,4
Georgia,16,Trump,4217736,2165272,1901222,51.337,45.077,3,4
Georgia,16,Trump,4218575,2166602,1900247,51.359,45.045,3,4
Georgia,16,Trump,4218049,2169227,1897946,51.427,44.996,3,4
Georgia,16,Trump,4216740,2165250,1900249,51.349,45.064,3,4
Georgia,16,Trump,4219042,2167276,1900757,51.369,45.052,3,4
Georgia,16,Trump,4219712,2169609,1898737,51.416,44.997,3,4
Georgia,16,Trump,4218291,2166361,1901041,51.356,45.067,3,4
Georgia,16,Trump,4219640,2169361,1898863,51.411,45.001,3,4
Georgia,16,Trump,4218788,2166122,1900619,51.345,45.051,3,4
Georgia,16,Trump,4217716,2391868,1664271,56.71,39.459,4,-4
Georgia,16,Trump,4219130,2392871,1664448,56.715,39.45,4,-4
Georgia,16,Trump,4218667,2389230,1667738,56.635,39.532,4,-4
Georgia,16,Trump,4217854,2388776,1667211,56.635,39.527,4,-4
Georgia,16,Trump,4215578,2389685,1664148,56.687,39.476,4,-4
Georgia,16,Trump,4218196,2392841,1663510,56.727,39.437,4,-4
Georgia,16,Trump,4218476,2391497,1665119,56.691,39.472,4,-4
Georgia,16,Trump,4216441,2389378,1665556,56.668,39.501,4,-4
Georgia,16,Trump,4218489,2389688,1666938,56.648,39.515,4,-4
Georgia,16,Trump,4216980,2389510,1666416,56.664,39.517,4,-4
Georgia,16,Trump,4218730,2362982,1695461,56.012,40.189,4,-3
Georgia,16,Trump,4218759,2361633,1697263,55.979,40.231,4,-3
Georgia,16,Trump,4217373,2362644,1694012,56.022,40.167,4,-3
Georgia,16,Trump,4220889,2364447,1696421,56.018,40.191,4,-3
Georgia,16,Trump,4218552,2362324,1694963,55.998,40.179,4,-3
Georgia,16,Trump,4218040,2362783,1695453,56.016,40.195,4,-3
Georgia,16,Trump,4218208,2362206,1695684,56.0,40.199,4,-3
Georgia,16,Trump,4217675,2361374,1696130,55.988,40.215,4,-3
Georgia,16,Trump,4218919,2362645,1696013,56.001,40.2,4,-3
Georgia,16,Trump,4218484,2362668,1696062,56.008,40.205,4,-3
Georgia,16,Trump,4218280,2336524,1723340,55.39,40.854,4,-2
Georgia,16,Trump,4219056,2335576,1724588,55.358,40.876,4,-2
Georgia,16,Trump,4218370,2335118,1724619,55.356,40.884,4,-2
Georgia,16,Trump,4219316,2336342,1724172,55.373,40.864,4,-2
Georgia,16,Trump,4218430,2337148,1722737,55.403,40.838,4,-2
Georgia,16,Trump,4219432,2335913,1724881,55.361,40.879,4,-2
Georgia,16,Trump,4218844,2336698,1722935,55.387,40.839,4,-2
Georgia,16,Trump,4218793,2337561,1723183,55.408,40.845,4,-2
Georgia,16,Trump,4219568,2336763,1723745,55.379,40.851,4,-2
Georgia,16,Trump,4218915,2334454,1726191,55.333,40.916,4,-2
Georgia,16,Trump,4219911,2310444,1752192,54.751,41.522,4,-1
Georgia,16,Trump,4220291,2311430,1751277,54.769,41.497,4,-1
Georgia,16,Trump,4219124,2311624,1750406,54.789,41.487,4,-1
Georgia,16,Trump,4216607,2309766,1749247,54.778,41.485,4,-1
Georgia,16,Trump,4218863,2311675,1749812,54.794,41.476,4,-1
Georgia,16,Trump,4220105,2310752,1752108,54.756,41.518,4,-1
Georgia,16,Trump,4218524,2309345,1751748,54.743,41.525,4,-1
Georgia,16,Trump,4216906,2312093,1747814,54.829,41.448,4,-1
Georgia,16,Trump,4216883,2310170,1750153,54.784,41.503,4,-1
Georgia,16,Trump,4219474,2310440,1752262,54.757,41.528,4,-1
Georgia,16,Trump,4217580,2283561,1778078,54.144,42.159,4,0
Georgia,16,Trump,4219521,2286286,1777762,54.184,42.132,4,0
Georgia,16,Trump,4217864,2284133,1777408,54.154,42.14,4,0
Georgia,16,Trump,4218413,2285681,1777088,54.183,42.127,4,0
Georgia,16,Trump,4218725,2286283,1777719,54.194,42.139,4,0
Georgia,16,Trump,4218851,2284292,1779379,54.145,42.177,4,0
Georgia,16,Trump,4217983,2283924,1778377,54.147,42.162,4,0
Georgia,16,Trump,4218678,2284592,1778472,54.154,42.157,4,0
Georgia,16,Trump,4217446,2285989,1775437,54.203,42.097,4,0
Georgia,16,Trump,4218248,2285173,1777647,54.174,42.142,4,0
Georgia,16,Trump,4217863,2260741,1802842,53.599,42.743,4,1
Georgia,16,Trump,4219699,2262029,1803466,53.606,42.739,4,1
Georgia,16,Trump,4218915,2260455,1804423,53.579,42.77,4,1
Georgia,16,Trump,4219138,2262480,1802836,53.624,42.73,4,1
Georgia,16,Trump,4218317,2262066,1802223,53.625,42.724,4,1
Georgia,16,Trump,4219546,2261842,1803712,53.604,42.747,4,1
Georgia,16,Trump,4220129,2261778,1803361,53.595,42.732,4,1
Georgia,16,Trump,4216841,2259748,1803468,53.589,42.768,4,1
Georgia,16,Trump,4218104,2260648,1802743,53.594,42.738,4,1
Georgia,16,Trump,4218926,2260525,1804583,53.581,42.774,4,1
Georgia,16,Trump,4218009,2236690,1829073,53.027,43.363,4,2
Georgia,16,Trump,4219406,2236707,1830337,53.01,43.379,4,2
Georgia,16,Trump,4219058,2236065,1830466,52.999,43.386,4,2
Georgia,16,Trump,4218628,2237466,1829006,53.038,43.355,4,2
Georgia,16,Trump,4218374,2236830,1829184,53.026,43.362,4,2
Georgia,16,Trump,4217510,2235909,1829151,53.015,43.37,4,2
Georgia,16,Trump,4217536,2235486,1829430,53.005,43.377,4,2
Georgia,16,Trump,4217553,2235435,1829436,53.003,43.377,4,2
Georgia,16,Trump,4217793,2236812,1828505,53.033,43.352,4,2
Georgia,16,Trump,4218436,2234614,1831351,52.973,43.413,4,2
Georgia,16,Trump,4217961,2211940,1855290,52.441,43.985,4,3
Georgia,16,Trump,4218624,2211034,1856713,52.411,44.012,4,3
Georgia,16,Trump,4218839,2212963,1854570,52.454,43.959,4,3
Georgia,16,Trump,4219358,2213980,1854266,52.472,43.947,4,3
Georgia,16,Trump,4217333,2211153,1855154,52.43,43.989,4,3
Georgia,16,Trump,4219688,2211748,1856798,52.415,44.003,4,3
Georgia,16,Trump,4219055,2211600,1856127,52.419,43.994,4,3
Georgia,16,Trump,4219196,2215146,1853017,52.502,43.919,4,3
Georgia,16,Trump,4218251,2212905,1853544,52.46,43.941,4,3
Georgia,16,Trump,4218755,2214227,1853596,52.485,43.937,4,3
Georgia,16,Trump,4217158,2188065,1879685,51.885,44.572,4,4
Georgia,16,Trump,4219444,2189732,1879882,51.896,44.553,4,4
Georgia,16,Trump,4218344,2188467,1879576,51.88,44.557,4,4
Georgia,16,Trump,4218201,2189680,1879209,51.91,44.55,4,4
Georgia,16,Trump,4217466,2188257,1879007,51.886,44.553,4,4
Georgia,16,Trump,4218446,2187038,1880854,51.845,44.586,4,4
Georgia,16,Trump,4219757,2188994,1881076,51.875,44.578,4,4
Georgia,16,Trump,4217559,2188535,1879506,51.891,44.564,4,4
Georgia,16,Trump,4217210,2188507,1879067,51.895,44.557,4,4
Georgia,16,Trump,4218386,2188806,1879771,51.887,44.561,4,4
